"date","turkey_total_generation_in_gwh","imports_in_gwh","exports_in_gwh","gross_demand_in_gwh","natural_gas_price_usd_Mmbtu","pib_m_dollar","ratio_dollar_tl","coal_elect_prod_gwh","ng_elect_prod_gwh","thermique_elect_prod_gwh","hidro_elect_prod_gwh","geothermal_elect_prod_gwh","wind_elect_prod_gwh","solar_elect_prod_gwh","geothermal_solar_wind_elect_prod_gwh","coal_ratio","ng_ratio","thermique_ratio","hidro_ratio","geothermal_ratio","wind_ratio","solar_ratio","geo_wind_solar_ratio"
2002-01-01,11704.1,300.8,40.9,11964,2138,53.31720167,1.307,0,0,0,0,0,0,0,0,0,0,0,0,0,0,0,0
2002-02-01,9613.9,370.4,33.3,9951,2357,49.90016655,1.3965,0,0,0,0,0,0,0,0,0,0,0,0,0,0,0,0
2002-03-01,10882.3,371.2,38.6,11214.9,3283,51.71471806,1.3475,0,0,0,0,0,0,0,0,0,0,0,0,0,0,0,0
2002-04-01,10307.2,337.7,38.8,10606.1,3795,62.78757123,1.341,0,0,0,0,0,0,0,0,0,0,0,0,0,0,0,0
2002-05-01,10136.6,287.4,38,10386,3217,58.49123516,1.4395,0,0,0,0,0,0,0,0,0,0,0,0,0,0,0,0
2002-06-01,10216.9,248.2,30,10435.1,3245,53.20577126,1.5825,0,0,0,0,0,0,0,0,0,0,0,0,0,0,0,0
2002-07-01,11500.2,261.4,33.1,11728.5,2954,60.58823405,1.69,0,0,0,0,0,0,0,0,0,0,0,0,0,0,0,0
2002-08-01,11386.7,291.8,31.7,11646.8,3296,62.8184758,1.63,0,0,0,0,0,0,0,0,0,0,0,0,0,0,0,0
2002-09-01,10255.4,282.7,32.6,10505.5,4138,61.86955622,1.655,0,0,0,0,0,0,0,0,0,0,0,0,0,0,0,0
2002-10-01,10517.6,287.6,35,10770.2,4156,63.10782139,1.677,0,0,0,0,0,0,0,0,0,0,0,0,0,0,0,0
2002-11-01,10991.7,271.4,40.8,11222.3,4200,68.78896098,1.5385,0,0,0,0,0,0,0,0,0,0,0,0,0,0,0,0
2002-12-01,11886.9,277.6,42.3,12122.2,4789,63.75410631,1.66,0,0,0,0,0,0,0,0,0,0,0,0,0,0,0,0
2003-01-01,12111.6,314.7,40.2,12386.1,5605,58.88557359,1.65,0,0,0,0,0,0,0,0,0,0,0,0,0,0,0,0
2003-02-01,10662.5,233.5,36.8,10859.2,8101,60.83982244,1.597,0,0,0,0,0,0,0,0,0,0,0,0,0,0,0,0
2003-03-01,12053.3,379.7,41.6,12391.4,5060,56.63724653,1.7155,0,0,0,0,0,0,0,0,0,0,0,0,0,0,0,0
2003-04-01,10872.6,206.6,33.8,11045.4,5385,71.73175039,1.5657,0,0,0,0,0,0,0,0,0,0,0,0,0,0,0,0
2003-05-01,10949.1,0,31.5,10917.6,6251,78.593703,1.429,0,0,0,0,0,0,0,0,0,0,0,0,0,0,0,0
2003-06-01,11112,0,26.9,11085.1,5411,79.0918321,1.42,0,0,0,0,0,0,0,0,0,0,0,0,0,0,0,0
2003-07-01,12443.9,0,28.5,12415.4,4718,92.07974294,1.4234,0,0,0,0,0,0,0,0,0,0,0,0,0,0,0,0
2003-08-01,12589.2,0,27.9,12561.3,4731,93.49857761,1.4018,0,0,0,0,0,0,0,0,0,0,0,0,0,0,0,0
2003-09-01,11460.7,0,46.4,11414.3,4830,94.30587574,1.3898,0,0,0,0,0,0,0,0,0,0,0,0,0,0,0,0
2003-10-01,11659.6,0,80.7,11578.9,4893,88.67816707,1.4844,0,0,0,0,0,0,0,0,0,0,0,0,0,0,0,0
2003-11-01,11541.3,0,101.9,11439.4,4925,89.94456522,1.4635,0,0,0,0,0,0,0,0,0,0,0,0,0,0,0,0
2003-12-01,13124.7,23.5,91.4,13056.8,6189,93.84990104,1.4026,0,0,0,0,0,0,0,0,0,0,0,0,0,0,0,0
2004-01-01,12999.6,42.3,100.3,12941.6,5397,89.14575579,1.341,0,0,0,0,0,0,0,0,0,0,0,0,0,0,0,0
2004-02-01,11560,36.2,88.3,11507.9,5416,90.0862536,1.327,0,0,0,0,0,0,0,0,0,0,0,0,0,0,0,0
2004-03-01,12598.8,37.1,96.5,12539.4,5933,91.01214962,1.3135,0,0,0,0,0,0,0,0,0,0,0,0,0,0,0,0
2004-04-01,11842.5,32.6,92.8,11782.3,5862,97.83753947,1.4206,0,0,0,0,0,0,0,0,0,0,0,0,0,0,0,0
2004-05-01,11885.4,26.7,89.9,11822.2,6442,93.31185537,1.4895,0,0,0,0,0,0,0,0,0,0,0,0,0,0,0,0
2004-06-01,11982.8,27.6,84.6,11925.8,6155,93.56311583,1.4855,0,0,0,0,0,0,0,0,0,0,0,0,0,0,0,0
2004-07-01,13286.2,45.7,89.1,13242.8,6112,109.9284308,1.468,0,0,0,0,0,0,0,0,0,0,0,0,0,0,0,0
2004-08-01,13353.2,47.7,96.3,13304.6,5074,107.4400375,1.502,0,0,0,0,0,0,0,0,0,0,0,0,0,0,0,0
2004-09-01,12561.1,47,83,12525.1,6795,107.2971651,1.504,0,0,0,0,0,0,0,0,0,0,0,0,0,0,0,0
2004-10-01,12378.4,33.2,85.4,12326.2,8725,110.7342136,1.4715,0,0,0,0,0,0,0,0,0,0,0,0,0,0,0,0
2004-11-01,12211.6,41.5,102.8,12150.3,7620,113.8284285,1.4315,0,0,0,0,0,0,0,0,0,0,0,0,0,0,0,0
2004-12-01,14038.7,45.9,135.3,13949.3,6149,120.8345535,1.3485,0,0,0,0,0,0,0,0,0,0,0,0,0,0,0,0
2005-01-01,13300.3,50,137.9,13212.4,6321,106.7677573,1.3355,0,0,0,0,0,0,0,0,0,0,0,0,0,0,0,0
2005-02-01,12609.9,44.6,130.6,12523.9,6730,111.136664,1.283,0,0,0,0,0,0,0,0,0,0,0,0,0,0,0,0
2005-03-01,13574.2,45.2,153.7,13465.7,7653,105.4257596,1.3525,0,0,0,0,0,0,0,0,0,0,0,0,0,0,0,0
2005-04-01,12635.8,38.7,140.6,12533.9,6585,117.5069265,1.3915,0,0,0,0,0,0,0,0,0,0,0,0,0,0,0,0
2005-05-01,12861.5,41.3,142.9,12759.9,6379,119.832091,1.3645,0,0,0,0,0,0,0,0,0,0,0,0,0,0,0,0
2005-06-01,12720.4,37.4,154.9,12602.9,6981,122.8943166,1.3305,0,0,0,0,0,0,0,0,0,0,0,0,0,0,0,0
2005-07-01,14313.7,88.9,148.2,14254.4,7885,140.7785603,1.3259,0,0,0,0,0,0,0,0,0,0,0,0,0,0,0,0
2005-08-01,14757.3,94.9,158.2,14694,11472,138.7794001,1.345,0,0,0,0,0,0,0,0,0,0,0,0,0,0,0,0
2005-09-01,13378.2,52.6,147.4,13283.4,13921,138.6248,1.3465,0,0,0,0,0,0,0,0,0,0,0,0,0,0,0,0
2005-10-01,13503.4,43.8,140.2,13407,12205,138.748299,1.3515,0,0,0,0,0,0,0,0,0,0,0,0,0,0,0,0
2005-11-01,13422.1,48.1,148.1,13322.1,12587,138.2368788,1.3565,0,0,0,0,0,0,0,0,0,0,0,0,0,0,0,0
2005-12-01,14879.4,50.4,195.4,14734.4,11225,138.8510375,1.3505,0,0,0,0,0,0,0,0,0,0,0,0,0,0,0,0
2006-01-01,14332.5,50,210.4,14172.1,9316,122.8885998,1.3228,0,0,0,0,0,0,0,0,0,0,0,0,0,0,0,0
2006-02-01,13683,42.7,185.4,13540.3,6714,123.7115981,1.314,0,0,0,0,0,0,0,0,0,0,0,0,0,0,0,0
2006-03-01,14616.8,45.8,191.2,14471.4,7210,120.9051989,1.3445,0,0,0,0,0,0,0,0,0,0,0,0,0,0,0,0
2006-04-01,13397.6,47.2,167.3,13277.5,6555,147.2107738,1.3225,0,0,0,0,0,0,0,0,0,0,0,0,0,0,0,0
2006-05-01,13996.9,43.5,164.7,13875.7,6384,123.7281527,1.5735,0,0,0,0,0,0,0,0,0,0,0,0,0,0,0,0
2006-06-01,14473.8,32.7,170.4,14336.1,6104,123.0244855,1.5825,0,0,0,0,0,0,0,0,0,0,0,0,0,0,0,0
2006-07-01,15588,34.9,170.1,15452.8,8211,146.0327677,1.4976,0,0,0,0,0,0,0,0,0,0,0,0,0,0,0,0
2006-08-01,16389.5,45.4,167.7,16267.2,6048,149.3129466,1.4647,0,0,0,0,0,0,0,0,0,0,0,0,0,0,0,0
2006-09-01,14491.3,67.7,163.9,14395.1,5620,144.4032175,1.5145,0,0,0,0,0,0,0,0,0,0,0,0,0,0,0,0
2006-10-01,13843.2,47.7,155.6,13735.3,7534,150.8476172,1.4572,0,0,0,0,0,0,0,0,0,0,0,0,0,0,0,0
2006-11-01,15236.2,54,222.3,15067.9,8844,151.2108054,1.4537,0,0,0,0,0,0,0,0,0,0,0,0,0,0,0,0
2006-12-01,16251,61.6,266.7,16045.9,6299,155.2915209,1.4155,0,0,0,0,0,0,0,0,0,0,0,0,0,0,0,0
2007-01-01,15873.9,63.519131,251.74021,15685.67892,7667,135.9295785,1.4065,0,0,0,0,0,0,0,0,0,0,0,0,0,0,0,0
2007-02-01,14669.6,56.13999,177.78573,14547.95426,7300,135.3042832,1.413,0,0,0,0,0,0,0,0,0,0,0,0,0,0,0,0
2007-03-01,15801,59.601827,237.95334,15622.64849,7730,137.3455116,1.392,0,0,0,0,0,0,0,0,0,0,0,0,0,0,0,0
2007-04-01,14929.3,61.152624,204.6255,14785.82712,7863,157.0796187,1.3645,0,0,0,0,0,0,0,0,0,0,0,0,0,0,0,0
2007-05-01,15245.8,107.083912,240.35081,15112.5331,7935,162.683218,1.3175,0,0,0,0,0,0,0,0,0,0,0,0,0,0,0,0
2007-06-01,15741.2,69.862655,250.64485,15560.41781,6773,163.3029636,1.3125,0,0,0,0,0,0,0,0,0,0,0,0,0,0,0,0
2007-07-01,17585,99.700366,193.13831,17491.56206,6191,186.2604104,1.2843,0,0,0,0,0,0,0,0,0,0,0,0,0,0,0,0
2007-08-01,17791.1,102.586549,314.18559,17579.50096,5468,183.9685035,1.3003,0,0,0,0,0,0,0,0,0,0,0,0,0,0,0,0
2007-09-01,15802.6,60.654596,226.96786,15636.28674,6870,198.1726825,1.2071,0,0,0,0,0,0,0,0,0,0,0,0,0,0,0,0
2007-10-01,15142.7,56.848827,128.393,15071.15583,8330,208.5844938,1.1649,0,0,0,0,0,0,0,0,0,0,0,0,0,0,0,0
2007-11-01,16163.9,57.356226,117.8437,16103.41253,7302,205.3063598,1.1835,0,0,0,0,0,0,0,0,0,0,0,0,0,0,0,0
2007-12-01,16812,69.823314,78.5875,16803.23581,7483,208.084334,1.1677,0,0,0,0,0,0,0,0,0,0,0,0,0,0,0,0
2008-01-01,17888.5,65,5.2,17948.3,8074,187.6526006,1.1715,4992.402,7943.091,14004.764,3828.889,54.851,0,0,54.851,0.279084439723845,0.444033373396316,0.782892025603041,0.214041926377282,0.00306627162702295,0,0,0.00306627162702295
2008-02-01,16523.8,66,85.7,16504.1,9366,180.1188215,1.2205,4668.627,8417.088,13703.927,2761.277,58.566,0,0,58.566,0.282539549014149,0.50939178639296,0.829344763311103,0.167109079025406,0.00354434210048536,0,0,0.00354434210048536
2008-03-01,16371.1,45.3,171.9,16244.5,10101,164.7074411,1.3347,4461.552,8282.924,13192.935,3102.15,76.046,0,0,76.046,0.272526097818717,0.505947920420741,0.805867351613514,0.189489405110225,0.00464513685702244,0,0,0.00464513685702244
2008-04-01,15708.2,68.4,124.3,15652.3,10843,197.325143,1.2747,3914.773,7706.82,12160.617,3480.137,67.426,0,0,67.426,0.249218433684318,0.490624005296597,0.7741572554462,0.221549063546428,0.0042924077870157,0,0,0.0042924077870157
2008-05-01,16239.1,124.9,80,16284,11703,206.358487,1.2189,4516.781,7937.6,13049.32,3135.725,54.093,0,0,54.093,0.278142323158303,0.488795561330369,0.803574089697089,0.193097215978718,0.00333103435535221,0,0,0.00333103435535221
2008-06-01,16558.6,47,78.5,16527.1,13353,205.5490397,1.2237,5222.086,7762.785,13579.675,2908.087,70.846,0,0,70.846,0.315370019204522,0.468806843573732,0.820098015532714,0.17562396579421,0.00427850180570821,0,0,0.00427850180570821
2008-07-01,18304.4,81.3,77.2,18308.5,9119,233.0739933,1.1616,5242.182,8757.743,14688.966,3517.825,97.607,0,0,97.607,0.286389174187627,0.478450154061319,0.802482791022923,0.19218466598195,0.00533243373178034,0,0,0.00533243373178034
2008-08-01,18442.5,33.7,84.4,18391.8,7943,228.5679617,1.1845,5424.813,8915.981,15016.723,3300.981,124.822,0,0,124.822,0.294147376982513,0.483447526094618,0.814245519859021,0.178987718584791,0.00676817134336451,0,0,0.00676817134336451
2008-09-01,16070.8,66.7,92.4,16045.1,7438,212.0945951,1.2765,4834.407,8577.803,14021.009,1964.964,84.86,0,0,84.86,0.300819312044204,0.533750840032855,0.872452460362894,0.122269208751276,0.00528038429947482,0,0,0.00528038429947482
2008-10-01,14974.6,66.5,124.1,14917,6783,169.0133344,1.5422,4779.798,8033.115,13405.154,1456.019,113.432,0,0,113.432,0.319193701334259,0.53644938762972,0.8951927931297,0.0972325805029851,0.00757496026605051,0,0,0.00757496026605051
2008-11-01,15475.74,66.1,95.8,15446.04,6510,166.5297497,1.5652,4667.853,8153.582,13508.969,1872.631,94.115,0,0,94.115,0.301623896498649,0.526862172665088,0.872912636164733,0.121004294463463,0.006081453940167,0,0,0.006081453940167
2008-12-01,15860.64,58.5,102.7,15816.44,5622,169.199847,1.5405,4990.308,8196.795,13807.234,1941.116,112.27,0,0,112.27,0.31463471839724,0.516801024422722,0.870534480323619,0.122385729705737,0.00707852898748096,0,0,0.00707852898748096
2009-01-01,16891.584,64.92,105.088,16851.416,4417,129.5427516,1.6433,5273.396,7946.692,14294.127,2471.485,15.398,110.574,0,125.972,0.312190733562939,0.470452741436209,0.846227742762313,0.146314578905093,0.00091157821551845,0.00654610011707605,0,0.0074576783325945
2009-02-01,15049.78,56.278,96.029,15010.029,4198,125.2147542,1.7001,4477.098,7873.381,12978.549,1937.77,13.257,120.206,0,133.463,0.297485943316115,0.523155886664124,0.862374665941961,0.12875736389502,0.000880876663977812,0.00798722639134924,0,0.00886810305532705
2009-03-01,16027.139,60.24,103.668,15983.711,3776,128.0852008,1.662,4459.487,8130.495,13213.532,2715.1,16.009,82.496,0,98.505,0.27824598014655,0.507295469266224,0.824447332739798,0.169406404973464,0.000998868232190412,0.00514726926621152,0,0.00614613749840193
2009-04-01,14890.348,60.223,101.468,14849.103,3373,152.0078631,1.5983,3933.504,7029.344,11426.503,3358.806,25.446,79.601,0,105.047,0.264164679025635,0.472073856165081,0.76737649113372,0.225569341965681,0.00170889223005399,0.00534581193132625,0,0.00705470416138024
2009-05-01,15352.341,50.559,105.185,15297.715,3835,158.2144879,1.5356,4236.412,6854.446,11446.756,3786.473,34.887,84.225,0,119.112,0.275945668481439,0.44647562218687,0.745603292683507,0.246638151145809,0.0022724221667562,0.00548613400392813,0,0.00775855617068433
2009-06-01,15948.036,58.379,106.799,15899.616,3835,157.6089313,1.5415,4490.177,7810.65,12620.152,3202.802,43.429,81.644,0,125.073,0.281550468032553,0.489756230798576,0.791329540515208,0.200827362065147,0.00272315663195142,0.00511937645488134,0,0.00784253308683276
2009-07-01,17751.783,89.741,98.016,17743.508,3653,186.0512275,1.4711,5157.788,8504.357,14045.071,3529.733,44.102,132.867,0,176.969,0.290550419639537,0.479070581248092,0.791192129827184,0.198838223743497,0.00248437016157757,0.00748471294404624,0,0.00996908310562381
2009-08-01,17815.311,93.937,204.692,17704.556,2977,182.4179957,1.5004,5252.045,8732.525,14267.979,3315.097,43.963,188.27,0,232.233,0.294805125770749,0.490169663611261,0.800882959607048,0.186081343177225,0.00246770881518712,0.0105678761375538,0,0.0130355849527409
2009-09-01,15500.818,52.898,174.415,15379.301,4841,184.4463648,1.4839,4195.841,8105.069,12556.968,2762.544,47.722,133.584,0,181.306,0.270685134165178,0.52288008284466,0.810084216200719,0.178219239784636,0.00307867623502192,0.00861786777962299,0,0.0116965440146449
2009-10-01,16053.931,36.88,100.907,15989.904,5045,183.7763872,1.5064,4794.031,8144.674,13180.777,2688.705,50.15,134.298,0,184.448,0.29862038151279,0.507332067142932,0.821031123156067,0.167479541303622,0.00312384549304466,0.00836542775722656,0,0.0114892732502712
2009-11-01,15811.708,91.702,124.119,15779.291,4848,181.1547897,1.5282,4386.58,7996.223,12639.826,2997.655,49.506,124.721,0,174.227,0.277426069340517,0.505715321836199,0.799396624324203,0.18958451547423,0.00313097105005987,0.00788788915150723,0,0.0110188602015671
2009-12-01,17720.159,96.194,225.443,17590.91,5572,184.535895,1.5002,5028.722,8966.833,14253.206,3192.198,51.869,222.884,0,274.753,0.283785376869361,0.50602440982612,0.804349780382896,0.180144997570281,0.002927118204752,0.0125779909762661,0,0.0155051091810181
2010-01-01,17501.731,97.613,177.636,17421.708,5131,161.5941065,1.497,4555.62,8238.9,13012.36,4199,51.88,238.5,0,290.38,0.26029539592398,0.470747722039609,0.74348988680034,0.239919125713908,0.00296427821910873,0.0136272235014925,0,0.0165915017206012
2010-02-01,15837.69,95.074,187.748,15745.016,4813,156.4016147,1.5467,4093.4,6964.4,11235.34,4352.8,46.14,203.43,0,249.57,0.258459409168888,0.439735845315826,0.709405222605064,0.274838060348447,0.0029133036446603,0.0128446762122507,0,0.015757979856911
2010-03-01,17119.705,81.059,121.93,17078.834,3869,159.2327392,1.5192,3998.3,7306.6,11518.81,5368.4,46.83,185.7,0,232.53,0.233549585112594,0.426794737409319,0.672839280817047,0.313580169751757,0.0027354443315466,0.0108471495274013,0,0.0135825938589479
2010-04-01,16362.722,58.631,107.617,16313.736,3920,188.3353293,1.4897,3218.6,7071.7,10508.529,5596.7,57.2,200.3,0,257.5,0.196703213560678,0.432183593903264,0.642223769370402,0.342039667972114,0.00349575089034697,0.0122412395688199,0,0.0157369904591669
2010-05-01,16812.895,58.406,159.639,16711.662,4341,178.2371769,1.5741,3871.08,7372.34,11458.52,5167,55.93,131.4,0,187.33,0.230244702057558,0.438493192278903,0.681531645799251,0.307323634626874,0.00332661329295163,0.00781542976388064,0,0.0111420430568323
2010-06-01,17311.9,46.577,215.404,17143.073,4616,176.7995085,1.5869,5050.6,7465.85,12723.9,4366.5,56.8,164.73,0,221.53,0.291741518839642,0.431255379247801,0.734979984865901,0.252225347882093,0.00328098013505161,0.00951542002899739,0,0.012796400164049
2010-07-01,19567.597,91.577,231.223,19427.951,4923,212.718037,1.5078,5434.8,8963.1,14626.4,4582.14,54.74,304.3,0,359.04,0.277744886099198,0.458058288915087,0.74748064363754,0.234169785896551,0.00279748198003056,0.0155512197026543,0,0.0183487016826849
2010-08-01,20620.807,78.72,246.395,20453.132,3816,210.0846637,1.5267,5757.6,9507.7,15569.02,4709.72,54.4,287.63,0,342.03,0.279213126818946,0.461073128709269,0.755015068032982,0.228396492920961,0.00263811207776689,0.0139485326641193,0,0.0165866447418862
2010-09-01,17139.645,92.337,137.98,17094.002,3872,221.4723492,1.4482,4621.15,8714.8,13544.33,3255.7,56.35,283.24,0,339.59,0.269617602931683,0.508458605764588,0.790233986759936,0.189951425481683,0.00328769936600204,0.0165254297857394,0,0.0198131291517415
2010-10-01,17291,132.172,105.077,17318.095,4038,226.4191944,1.433,4446.94,9055.84,13705.65,3233.14,62.54,289.63,0,352.17,0.257182349199005,0.523731420970447,0.79264646347811,0.186983980105257,0.00361691053149037,0.0167503325429414,0,0.0203672430744318
2010-11-01,16464.48,142.677,112.301,16494.856,4180,215.6015054,1.5049,4725.8,7824.5,12747.68,3394.13,60.88,261.84,0,322.72,0.287030018561169,0.475235172929847,0.774253423126634,0.206148630263452,0.00369765701680223,0.0159033264336317,0,0.0196009834504339
2010-12-01,19177.547,168.982,114.634,19231.895,4405,210.4278523,1.5419,5272.5,9658.01,15177.03,3570.23,64.55,365.73,0,430.28,0.274930886624864,0.503610289678863,0.791395792173003,0.18616718811848,0.00336591535924798,0.0190707393390823,0,0.0224366546983303
2011-01-01,19603.106,163.234,41.967,19724.373,4420,182.518675,1.6045,6014.78,9906.6,16099.08,3164.7,65.1,274.25,0,339.35,0.306827907781553,0.505358691627745,0.821251489432338,0.161438702621921,0.0033209023100727,0.0139901299314507,0,0.0173110322415234
2011-02-01,17649.922,361.324,220.941,17790.305,4037,183.192302,1.5986,5265.38,8819.35,14209.08,3079.12,57,304.65,0,361.65,0.298323131399674,0.499682094912374,0.805050583226374,0.174455161898166,0.00322947602827933,0.0172606995090403,0,0.0204901755373197
2011-03-01,19157.475,317.791,197.149,19278.117,4389,189.4986502,1.5454,5541.48,8717.2,14366.53,4412,64.5,314.5,0,379,0.289259414406126,0.455028650696399,0.749917721411616,0.230301749056178,0.00336683200682762,0.0164165684673998,0,0.0197834004742274
2011-04-01,17797.292,329.763,203.737,17923.318,4698,222.7238583,1.5211,4270.78,7442.1,11806.53,5568.66,58.7,363.4,0,422.1,0.239967968160549,0.418159122185555,0.663389126840196,0.312893669441396,0.00329825458839468,0.0204188367533667,0,0.0237170913417614
2011-05-01,17579.678,325.92,219.252,17686.346,4666,212.5511392,1.5939,4615.24,6484.9,11186.04,6048.2,53.3,292.2,0,345.5,0.262532681201556,0.368886165036697,0.636305170094697,0.344044981938805,0.00303190991325325,0.0166214648527692,0,0.0196533747660224
2011-06-01,18048.739,252.938,298.916,18002.761,4374,209.0492786,1.6206,5438.14,6619.3,12127.44,5539.3,54.1,327.9,0,382,0.301303043941186,0.366745843019836,0.671927274254451,0.306907867635517,0.00299743932249228,0.0181674741930724,0,0.0211649135155647
2011-07-01,20947.728,531.063,408.749,21070.042,4145,227.7674199,1.6887,6286.94,9081,15458.94,5074.1,56,358.7,0,414.7,0.300125149610497,0.433507633858908,0.737976930004056,0.242226746499668,0.00267332094440027,0.0171235754063639,0,0.0197968963507641
2011-08-01,20491.721,561.955,380.167,20673.509,4054,224.1177264,1.7162,5853.94,9449.7,15417.28,4387.3,58.6,628.54,0,687.14,0.285673419035912,0.461147211598284,0.752366284901107,0.214101099658735,0.00285969148223324,0.0306728751577283,0,0.0335325666399616
2011-09-01,18897.689,446.076,357.661,18986.104,3666,206.8018937,1.8599,5481.54,9108.6,14701.74,3645.9,56,494.04,0,550.04,0.290064039047314,0.481995443993178,0.777964967039091,0.192928352244552,0.00296332530395648,0.0261428791636903,0,0.0291062044676468
2011-10-01,18900.534,425.768,391.516,18934.786,3934,219.4581017,1.771,5244.2,9389,14775.1,3627.1,50,448.3,0,498.3,0.277463060038409,0.496758451374972,0.781729235798311,0.191904630842705,0.00264542790166669,0.0237189065663436,0,0.0263643344680103
2011-11-01,19188.165,410.291,451.841,19146.615,3550,212.4639469,1.8293,5436.6,8975.94,14544.89,4095.24,57.4,490.62,0,548.02,0.283330896935689,0.467785220733718,0.758013598486359,0.213425306692954,0.00299142726779762,0.0255688858210256,0,0.0285603130888232
2011-12-01,21133.078,429.677,472.729,21090.026,2989,206.1858345,1.885,6768.84,10053.94,16945.67,3697,63.64,426.76,0,490.4,0.320295983386802,0.475744233755253,0.801855271626783,0.174939022133927,0.00301139285058239,0.0201939348352379,0,0.0232053276858203
2012-01-01,21483.904,388.297,466.073,21406.128,2503,188.9032854,1.7773,6723.1,9307.1,16367.2,4582.2,76.54,457.94,0,534.48,0.312936605935309,0.43321269728258,0.761835465286011,0.213285257651496,0.00356266719493813,0.0213154927521553,0,0.0248781599470934
2012-02-01,19913.341,388.721,307.296,19994.766,2616,191.9488933,1.7491,6095.9,7145.2,13872.4,5588.1,72.14,380.7,0,452.84,0.306121408758078,0.358814726268184,0.696638499787655,0.280620916399714,0.00362269696481369,0.0191178366302269,0,0.0227405335950406
2012-03-01,20726.703,415.435,384.256,20757.882,2126,188.3522071,1.7825,5854.5,8284.9,14289.6,5950,78,409.1,0,487.1,0.282461711348882,0.399721074789367,0.689429476554954,0.287069294137133,0.00376326133490696,0.0197378232321851,0,0.023501084567092
2012-04-01,18182.462,310.674,238.301,18254.835,2285,219.2050776,1.7565,3555.14,6470.3,10120.82,7538.2,71.52,451.94,0,523.46,0.195525776432257,0.355853899213429,0.556625389894944,0.414586319498427,0.00393346071615604,0.0248558198554189,0,0.028789280571575
2012-05-01,18721.461,395.589,163.391,18953.659,2422,206.3306997,1.8661,4857.9,6904.25,11878.1,6481.64,64.81,296.94,0,361.75,0.259482953814342,0.368787991492758,0.634464372198302,0.346214432730437,0.00346180247364242,0.0158609416220241,0,0.0193227440956665
2012-06-01,19900.951,426.532,226.892,20100.591,2824,212.7610758,1.8097,5678.1,8495.5,14283.68,5020.31,63.2,533.8,0,597,0.285318023244216,0.426889147156837,0.71773856435303,0.252264828952144,0.00317572763231265,0.0268228387678559,0,0.0299985664001685
2012-07-01,22625.296,597.066,342.411,22879.951,3209,238.2859803,1.7951,6548.2,10344.7,17089.4,4809.64,64.67,661.54,0,726.21,0.289419417982421,0.457218327662984,0.755322714893984,0.212577992349802,0.00285830514659344,0.0292389544870485,0,0.0320972596336419
2012-08-01,21278.648,522.352,261.687,21539.313,2799,235.2068422,1.8186,6169.6,9724,16117.96,4414.2,64.4,682.05,0,746.45,0.289943233235495,0.456983921158901,0.75747105737169,0.207447390454506,0.0030265080751371,0.0320532582709202,0,0.0350797663460573
2012-09-01,19543.58,534.976,215.549,19863.007,3320,238.11354,1.7964,5710.3,10066.5,15902.51,3088.2,64.8,488.04,0,552.84,0.292182906100111,0.515079632288455,0.813694829708784,0.158016085077555,0.00331566683279113,0.0249718833499287,0,0.0282875501827198
2012-10-01,17826.328,509.395,118.276,18217.447,3692,241.3919266,1.7936,5339.46,8876.4,14340.13,3012.4,78.88,394.85,0,473.73,0.299526632742312,0.497937657155192,0.804435439536398,0.168986007662374,0.00442491577626082,0.0221498224424009,0,0.0265747382186617
2012-11-01,18740.204,596.42,92.907,19243.717,3561,242.2428018,1.7873,5577,9199.2,14897.54,3165.85,95.78,581.1,0,676.88,0.29759547975038,0.49088046213371,0.794950791357447,0.16893359325224,0.0051109368926827,0.0310082003376271,0,0.0361191372303098
2012-12-01,20553.895,741.21,136.538,21158.567,3351,242.7317148,1.7837,5903.93,9681.1,15712.33,4214.23,104.6,522.78,0,627.38,0.287241420665037,0.471010482441406,0.764445376411624,0.205033157948895,0.00508905976215214,0.0254345952433833,0,0.0305236550055354
2013-01-01,20784.343,716.193,101.128,21399.408,3339,220.9681365,1.7589,5785.74,9057.6,15028.38,5028.7,105.26,622,0,727.26,0.278370117352278,0.43578957487374,0.723062547610959,0.241946546013025,0.00506438909327083,0.0299263729433257,0,0.0349907620365965
2013-02-01,18319.101,627.824,72.998,18873.927,3486,216.102783,1.7985,4926.64,7434.3,12492.28,5228.7,95.6,502.5,0,598.1,0.268934594552429,0.405822316280695,0.681926476632232,0.285423394958082,0.00521859669860437,0.0274303853666182,0,0.0326489820652225
2013-03-01,19883.53,574.699,11.573,20446.656,4024,214.8484551,1.809,5113.35,7635.3,12893.6,6252.3,103.4,634.2,0,737.6,0.257165100965472,0.384001231169717,0.648456285176727,0.314446177313586,0.00520028385301805,0.0318957448702519,0,0.03709602872327
2013-04-01,18606.775,507.125,3.516,19110.384,4343,248.0945223,1.793,3867.6,7522.9,11548.24,6463.8,90,504.8,0,594.8,0.207859771507959,0.404309720518467,0.620647049260283,0.347389593306739,0.00483694783217403,0.0271299029520161,0,0.0319668507841902
2013-05-01,19127.689,455.393,1.51,19581.572,3984,237.1686279,1.8756,4902.1,8116.6,13172.1,5438.65,97,419.95,0,516.95,0.256282920534729,0.424337723182346,0.688640431157157,0.284333878494156,0.00507118240996076,0.0219550830212683,0,0.027026265431229
2013-06-01,19699.236,449.823,51.597,20097.462,3565,230.6270627,1.9288,5435.2,9084.8,14709.14,4373.3,86.9,529.9,0,616.8,0.275909177391448,0.461175245578052,0.746685810556308,0.222003533538052,0.00441133859201443,0.0268995203671858,0,0.0313108589592002
2013-07-01,22218.289,584.261,110.713,22691.837,3446,255.6619712,1.9353,5827.34,10065.44,16143.92,4906.8,86.74,1080.8,0,1167.54,0.262276721668352,0.453024983156894,0.72660500545294,0.220845088476435,0.00390399098688472,0.0486446098527209,0,0.0525486008396056
2013-08-01,21291.4,625.726,149.983,21767.143,3581,242.504834,2.0403,5512.3,9316.5,15036.24,5156.7,92.34,1006.1,0,1098.44,0.258897958800267,0.43757103807171,0.706211897761537,0.242196379758964,0.00433696234160271,0.0472538207914933,0,0.051590783133096
2013-09-01,19948.78,582.386,111.294,20419.872,3560,245.111767,2.0186,5450.14,9827.54,15490.02,3867.2,124.6,467,0,591.6,0.273206682313405,0.492638647576443,0.776489589839579,0.193856466410477,0.0062459959957451,0.0234099528893496,0,0.0296559488850947
2013-10-01,18621.218,701.315,201.909,19120.624,3581,248.0713268,1.996,5341.64,8633.8,14190.58,3719.06,152.8,558.8,0,711.6,0.286857712529868,0.463653881287465,0.762065080812651,0.19972162937999,0.00820569309698216,0.0300087781583353,0,0.0382144712553175
2013-11-01,19690.04,758.211,190.03,20258.221,3954,245.1482168,2.0198,5395.2,9961,15587.48,3375,154.8,572.75,0,727.55,0.274006553567184,0.50589028767844,0.791642881375558,0.171406457274846,0.00786184284033958,0.0290883106382719,0,0.0369501534786115
2013-12-01,21963.549,846.45,220.476,22589.523,4230,230.7532708,2.1458,6228.76,8460.54,15520.48,5610.3,174.1,658.65,0,832.75,0.283595333340709,0.385208237521177,0.706647181655387,0.255436860409035,0.00792676994050461,0.029988322925407,0,0.0379150928659116
2014-01-01,21558.2,760.7,279.8,22039.1,4943,200.8476525,2.2607,6483.25,10561.64,17273.94,3523.1,189.8,570.42,0.9,761.12,0.300732435917655,0.489912886975721,0.801270050375263,0.163422734736666,0.00880407455167871,0.0264595374381906,4.17474557245039e-05,0.0353053594455938
2014-02-01,19351.2,606.6,208.5,19749.3,4609,205.5204309,2.2093,5753.5,8660.3,14940.15,3677.6,173.7,559.2,0.5,733.4,0.29732006283848,0.447532969531605,0.772052895944437,0.190045061804953,0.00897618752325437,0.0288974327173509,2.5838190913225e-05,0.0378994584315185
2014-03-01,20630.9,637.2,225.6,21042.5,4371,212.1064549,2.1407,6108.7,9472.3,15843.3,3824.04,200.24,762.7,0.6,963.54,0.296094692912088,0.459131690813295,0.76794032252592,0.185354977242874,0.0097058296051069,0.0369688186167351,2.90825897076715e-05,0.0467037308115497
2014-04-01,19853.6,635.9,171.5,20318,4815,232.0209966,2.1125,5540.4,9451.5,15271.2,3892.84,188.6,499.9,1.1,689.6,0.27906273925132,0.476059757424346,0.769190474271669,0.196077285731555,0.00949953660797034,0.0251793125679977,5.54055687633477e-05,0.0347342547447314
2014-05-01,20214.6,620.7,194.5,20640.8,4542,233.7248368,2.0971,6296.3,9649.14,16217.84,3196.65,171.05,627.7,1.32,800.07,0.311472895827768,0.477335193375085,0.802283498065754,0.158135703897183,0.00846170589573872,0.0310518140354002,6.52993381021638e-05,0.039578819269241
2014-06-01,20332.1,510.3,120.8,20721.6,4461,231.2983603,2.1191,6240.38,9555.8,15997.88,3529.5,183.26,619.9,1.6,804.76,0.306922551039981,0.469985884389709,0.786828709282366,0.173592496594056,0.00901333359564433,0.0304887345625882,7.86932977901938e-05,0.0395807614560227
2014-07-01,22820.9,747.9,191.4,23377.4,3841,257.4227635,2.1418,6610.48,10791.76,17682.38,4068.64,183.14,884.84,1.94,1069.92,0.28966780451253,0.472889325136169,0.774832719130271,0.178285694253951,0.00802509979886858,0.0387732298025056,8.50097936540627e-05,0.0468833393950282
2014-08-01,23935.1,588.6,215.4,24308.3,4065,254.7936942,2.1639,7192,11319.5,18824.8,4033.9,179.6,894.9,1.9,1076.4,0.300479212537236,0.472924700544389,0.78649347610831,0.168534913161006,0.00750362438427247,0.0373886050194066,7.93813270051097e-05,0.0449716107306842
2014-09-01,21308.5,533.2,195.5,21646.2,4121,242.0103919,2.2782,6228.8,10970.7,17422.5,2989.74,188.7,705.6,2,896.3,0.292315273247765,0.514850881103785,0.817631461623296,0.140307389070089,0.00885562099631602,0.033113546237417,9.38592580425652e-05,0.0420630264917756
2014-10-01,19227.6,645.3,291.4,19581.5,3873,251.5058946,2.224,5978.3,9169.2,15367.8,2795.35,199.75,863,1.74,1064.49,0.310922840084046,0.476876989327841,0.799257317605941,0.1453821589798,0.0103887120597474,0.04488339678379,9.0494913561755e-05,0.0553626037570992
2014-11-01,20756.8,795.6,263.6,21288.8,4088,252.0044645,2.2196,6494.5,10340.24,17241.14,2550.6,246.3,717,1.8,965.1,0.312885415863717,0.49816156633007,0.830626108070608,0.122880212749557,0.0118659909041856,0.0345428967856317,8.67185693363139e-05,0.0464956062591536
2014-12-01,21973.2,871.5,338,22506.7,2889,239.6012463,2.3345,7336.08,10633.95,18333.62,2562.74,259.84,814.94,2.02,1076.8,0.333864889956857,0.4839509038283,0.834362769191561,0.116630258678754,0.0118253144739956,0.0370879070868149,9.19301694791837e-05,0.0490051517302896
2015-01-01,22333.5,791.6228431,343.55309,22781.56975,2691,204.5751351,2.4464,6838.64,8723.85,16196.39,4859.4,264.9,1010.34,2.5,1277.74,0.306205476078537,0.390617234199745,0.725206080551638,0.21758345086977,0.011861105514138,0.0452387668748741,0.000111939463138335,0.0572118118521504
2015-02-01,20094.85,629.1379215,227.771539,20496.21638,2734,199.4868505,2.5088,6237.34,7843.74,14999.48,3804.6,234.1,1053.2,3.5,1290.8,0.310394951940423,0.390335832315245,0.746434036581512,0.189332092551077,0.0116497510556187,0.05241143875172,0.000174173979900323,0.064235363787239
2015-03-01,21318.3,671.9177976,290.200349,21700.01745,2640,192.6524793,2.5978,6401.9,7925.05,14610,5635.71,268.81,798,5.74,1072.55,0.300300680635886,0.371748685401744,0.685326691152672,0.26436019757673,0.0126093544044319,0.0374326283052589,0.00026925223868695,0.0503112349483777
2015-04-01,20432,415.1109726,282.221605,20564.88937,2751,211.8544453,2.6723,4266.7,6889.1,11408.3,7883.8,264.1,867.6,8.2,1139.9,0.208824393108849,0.337172083007048,0.558354541895067,0.385855520751762,0.0129258026624902,0.0424628034455756,0.000401331245105716,0.0557899373531715
2015-05-01,21128.15,428.5652053,181.614187,21375.10102,2642,212.594305,2.663,5842.4,6931.7,13009.8,7111.9,259.6,734.5,12.4,1006.5,0.276522080731157,0.328078890011667,0.615756703734118,0.336607795760632,0.0122869252632152,0.0347640470178411,0.000586894735222913,0.0476378670162792
2015-06-01,20766.5,551.2203096,224.478935,21093.24137,2832,211.1197174,2.6816,5914.7,7119.2,13217.5,6351.94,245.44,936.8,14.8,1197.04,0.284819300315412,0.342821370958033,0.636481833722582,0.305874364962801,0.0118190354657742,0.0451111164616088,0.000712686297642838,0.0576428382250259
2015-07-01,23388.04,650.5990536,282.560297,23756.07876,2716,228.980627,2.771,6823.7,8134.4,15138.9,6697.15,256.45,1272.8,22.7,1551.95,0.291760233007982,0.347801696935699,0.647292376787452,0.286349347786304,0.0109650060458251,0.0544209775594706,0.000970581545097409,0.0663565651503931
2015-08-01,24815.6,599.8825074,272.513463,25142.96904,2689,217.683998,2.9148,6921.6,10069.35,17184.5,6178.4,261.1,1166.45,25.15,1452.7,0.278921323683489,0.405766936926772,0.692487789938587,0.248972420574155,0.0105216073760054,0.0470047067167427,0.00101347539450991,0.058539789487258
2015-09-01,21547.1,527.1013561,279.660847,21794.54051,2524,209.7052971,3.0257,6107.7,9056.64,15362.15,5138.2,257.7,761.1,27.9,1046.7,0.283458098769672,0.420318279490047,0.712956731996417,0.23846364475962,0.0119598461045802,0.0353226188210943,0.00129483782040275,0.0485773027460772
2015-10-01,21053.85,502.4419823,297.681943,21258.61004,2321,222.916806,2.9151,6178.88,8660.25,15046.73,4629.2,357.5,995.9,24.6,1378,0.293479814855715,0.411338068809268,0.714678312992636,0.219874274776347,0.0169802672670319,0.0473025123670968,0.00116843237697618,0.0654512120111049
2015-11-01,21245.05,592.7852288,268.627945,21569.20728,2235,223.0698504,2.9131,6761.6,8332.25,15303.1,4554.64,363.54,998.14,25.63,1387.31,0.318267078684211,0.392197241239724,0.720313673067373,0.214385939312922,0.0171117507372306,0.0469822382154902,0.0012063986669836,0.0653003876197044
2015-12-01,23660.4,775.121041,243.571362,24191.94968,2337,222.718162,2.9177,7870.4,9533.2,17889.56,4300.9,391.25,1057.64,21,1469.89,0.332640192050853,0.402917955740393,0.756097107403087,0.181776301330493,0.0165360687055164,0.0447008503660124,0.000887558959273723,0.0621244780308025
2016-01-01,23443.08809,706.3507737,188.901007,23960.53785,2298,192.1773314,2.9553,7714.4,7904.1,16214.6,5542.4,396.8,1268.5,20.8,1686.1,0.329069274934418,0.337161212279521,0.691658024648919,0.236419365005253,0.0169260977255493,0.0541097655364396,0.000887255122710244,0.0719231183846991
2016-02-01,20929.19978,591.2664289,114.45992,21406.00628,1711,191.5227853,2.9654,7013.9,7001,14255.8,5108,380.7,1146.1,38.6,1565.4,0.33512509191596,0.33450872816887,0.681144054710724,0.244060931793542,0.0181898975594756,0.0547608132201603,0.00184431322772724,0.0747950240073632
2016-03-01,22038.77493,444.6049491,60.443834,22422.93604,1959,201.6122356,2.817,6850.4,6380.2,13530.1,6772.7,418.9,1258.2,58.8,1735.9,0.310833974291147,0.28949885010691,0.613922508985848,0.307308369975717,0.0190074085937407,0.0570902876405935,0.00266802488735248,0.0787657211216867
2016-04-01,21330.83772,393.7939701,107.99268,21616.63901,2178,227.3563358,2.7955,5884.9,6857.2,13040.1,6998.5,386.8,827.8,77.7,1292.3,0.275886961274018,0.321468856029532,0.611326201585298,0.328093068442321,0.0181333712757719,0.0388076647933919,0.00364261361977114,0.060583649688935
2016-05-01,21923.77967,395.1419818,58.94878,22259.97287,2288,215.4928585,2.9494,7382.2,6149.7,13824.1,6683.6,397.6,935.6,83,1416.2,0.336721136187189,0.280503640000319,0.630552770009661,0.304856192709585,0.0181355590133058,0.0426751232717529,0.00378584355660057,0.0645965258416593
2016-06-01,22975.93995,505.122176,69.300136,23411.76199,2924,220.8620206,2.8777,7361.6,7371.7,15002.4,6388,360.8,1124.3,100.5,1585.6,0.320404737130243,0.320844327415645,0.652961316605461,0.278029974569114,0.0157033836606976,0.0489337978096517,0.00437414095870319,0.0690113224290526
2016-07-01,24269.89349,647.673994,168.047606,24749.51987,2876,224.3696042,2.9883,7587,7925.5,15785.3,6173.7,380.7,1802.7,127.5,2310.9,0.312609530121181,0.326556851321394,0.650406645027267,0.254376888903273,0.0156861009776108,0.0742772110121856,0.00525342231322664,0.0952167343030231
2016-08-01,26146.37182,665.632926,122.911496,26689.09325,2887,226.6679135,2.958,8458.9,9552.3,18287.8,5616.1,388,1728,126.5,2242.5,0.323520986323983,0.365339407920957,0.699439299873002,0.214794620020821,0.0148395350097182,0.0660894755071987,0.00483814736785916,0.0857671578847761
2016-09-01,21264.53322,476.68486,99.335274,21641.88281,2906,223.5541771,2.9992,8089.8,6891.4,15242.6,4175.9,394.1,1329.4,122.5,1846,0.380436284037087,0.324079533216295,0.716808586499507,0.196378634639975,0.0185332071916507,0.062517243442224,0.00576076600095716,0.0868112166348319
2016-10-01,22127.15292,430.05439,192.47069,22364.73662,3026,243.2398323,3.0939,8318.2,7866.9,16467.6,4006.1,406.5,1124.7,122.3,1653.5,0.375927261409282,0.355531505948484,0.7442258866081,0.181049049305346,0.0183710937177362,0.0508289522861941,0.00552714578518853,0.0747271917891188
2016-11-01,22892.85499,422.421637,132.75983,23182.5168,3352,218.9583117,3.437,8374.1,8519.4,17270.7,3738.6,437.4,1345.8,100.3,1883.5,0.365795354212393,0.37214231268758,0.754414423519659,0.163308595700846,0.0191063980526266,0.0587869010041722,0.00438127966318805,0.0822745787199869
2016-12-01,25065.32247,651.5849611,136.12532,25580.78212,3724,213.3287176,3.5277,9236.7,6807.8,16877.1,6027.2,470.3,1626,64.7,2161,0.3685051333792,0.271602330596308,0.67332467077572,0.240459703130243,0.0187629742471053,0.0648704999485291,0.00258125544075635,0.0862147296363907
2017-01-01,25479.29413,340.2583205,233.560562,25585.99189,3117,173.4386981,3.7734,9076.317776,7758.844259,17564.38658,5646.677294,514.3194782,1676.516066,77.39471519,2268.23026,0.356223281920252,0.304515667483289,0.689359229905793,0.221618278166955,0.0201857820540808,0.0657991566581911,0.00303755334802911,0.0890224920842421
2017-02-01,22916.21555,179.461926,211.859823,22883.81766,2774,179.4400042,3.6472,7789.923933,8199.539989,16481.38721,4274.234311,448.865343,1579.495284,132.2334045,2160.594031,0.33993064500565,0.357805152037855,0.719201963083298,0.186515714240609,0.0195872369074483,0.0689247873652506,0.00577029851248715,0.0942823227633674
2017-03-01,23998.67926,305.597211,247.902117,24056.37435,3190,180.0323458,3.6352,7684.544035,8287.012416,16266.44195,5687.452982,498.342652,1381.439107,165.0025654,2044.784324,0.320206956047297,0.345311186762367,0.677805714796657,0.236990249354247,0.0207654199050286,0.0575631305387095,0.00687548525534984,0.0852040356824203
2017-04-01,22583.39103,156.569729,308.104234,22431.85652,3276,208.4334898,3.5516,6057.620777,7443.265226,13771.15725,7137.608912,455.910934,1008.246226,210.4677008,1674.624861,0.268233445054952,0.329590238069752,0.609791383043683,0.316055675718422,0.0201878864602027,0.0446454752813975,0.00931957917747661,0.0741529409279329
2017-05-01,23442.22115,230.38271,331.406744,23341.19712,3071,209.8872646,3.527,6197.579047,7564.486326,14045.54834,7377.181761,470.426113,1314.23052,234.8344212,2019.491054,0.264376784407223,0.322686416001156,0.59915603773749,0.314696364043132,0.0200674718487587,0.0560625425206348,0.0100175840718063,0.0861475984326681
2017-06-01,22913.25457,199.780996,252.798867,22860.2367,3035,210.2329838,3.5212,7686.305461,7951.337064,15913.72337,5257.426025,453.943723,1009.075214,279.0862444,1742.105181,0.335452366119284,0.347019103711726,0.694520427963805,0.229449116839276,0.0198114031166198,0.0440389299964907,0.0121801223631236,0.0760304554587768
2017-07-01,28362.6383,286.144433,264.452295,28384.33044,2794,238.6588553,3.5193,9353.283461,11251.80196,20895.6131,4719.755336,431.527656,1991.11874,324.6234711,2747.269867,0.329774803107791,0.396712105587159,0.736730232180128,0.166407486005983,0.015214651452224,0.0702021694505056,0.011445461020458,0.0968622819196619
2017-08-01,28130.39058,212.590172,242.256844,28100.7239,3040,243.2624061,3.4527,9075.366747,10898.01523,20269.01207,4803.589743,491.687672,2233.734281,332.3668049,3057.788758,0.322617871984058,0.387410732851616,0.720537882769774,0.170761572945071,0.0174788782474132,0.0794064438830838,0.0118152218311645,0.108700543965216
2017-09-01,24455.31563,260.45253,243.119892,24472.64827,3007,235.6854139,3.5637,8311.004016,10103.35662,18718.57212,3789.241427,529.700264,1082.432703,335.369125,1947.502092,0.339844479692778,0.413135400616377,0.76541936334845,0.154945513046318,0.0216599234299067,0.044261653350822,0.0137135471925209,0.0796351239732496
2017-10-01,24058.61636,152.08504,324.325566,23886.37583,2896,237.0955147,3.792,8613.671387,10512.24575,19449.25158,2361.58003,595.3338,1331.756946,320.6940086,2247.784755,0.35802854404051,0.436943072398699,0.808411061092293,0.0981594284003122,0.0247451387516119,0.0553546773460417,0.0133296946009409,0.0934295107152205
2017-11-01,24729.57589,171.951104,336.446571,24565.08042,3025,229.4121439,3.919,8841.110784,11355.7806,20508.34298,2232.427353,611.113226,1123.438891,254.2534412,1988.805559,0.357511621846095,0.459198356272336,0.82930427400872,0.0902735802235386,0.0247118360912578,0.0454289590730219,0.0102813506519865,0.0804221458486161
2017-12-01,26207.9314,232.994056,307.439899,26133.48556,2953,237.2206311,3.79,8789.56739,9164.295472,18255.02615,4931.287245,626.311046,2172.331132,222.975835,3021.618013,0.335378143961412,0.349676414064484,0.696545861303651,0.188160109614756,0.0238977672995588,0.0828883096053891,0.00850795248189638,0.115294029386844
2018-01-01,26667.16368,165.22265,255.16238,26577.22395,2995,212.0746761,3.7555,9869.434396,9223.711414,19415.13007,4535.584703,648.350791,1812.040054,256.0580577,2716.448903,0.370096891984127,0.345882731462651,0.728053808158123,0.170081256388043,0.024312701522369,0.0679502355685095,0.00960199820170752,0.101864935303836
2018-02-01,23633.1449,202.277088,206.694678,23628.72731,2667,209.6573776,3.7988,9320.520112,7775.69681,17393.84825,3611.788701,572.203977,1684.63804,370.6659248,2627.507941,0.394383403116189,0.329016592709166,0.735993805462598,0.15282725664666,0.0242119269111747,0.071282854953426,0.0156841557214842,0.111178937552234
2018-03-01,25179.76504,129.49317,250.18427,25059.07394,2733,201.366921,3.9552,8753.484265,6572.078576,15641.63631,6272.710261,641.256827,2053.862976,570.2986703,3265.418473,0.347639632502306,0.261006350359495,0.621198660319191,0.249117108560597,0.0254671489579555,0.0815679960769006,0.0226490862561281,0.12968423127907
2018-04-01,23771.24347,232.70819,70.07419,23933.87747,2763,221.1471393,4.0617,7856.824795,6651.875589,14834.59472,6352.107508,613.411247,1167.917285,803.2127061,2584.541238,0.330518039786835,0.279828676080612,0.62405631992797,0.267218141786169,0.0258047606038844,0.0491315183605748,0.0337892591573376,0.10872553811759
2018-05-01,24176.75096,288.44171,134.202193,24330.99048,2952,198.5265412,4.5245,8817.931717,5926.538472,15082.55733,6495.626099,602.280225,1231.068836,765.2184671,2598.567528,0.364727739123802,0.245133785007148,0.62384550161243,0.268672416312138,0.0249115452277463,0.0509195316623305,0.0316510050654052,0.107482081951346
2018-06-01,24264.06292,228.792434,290.450254,24202.4051,2924,195.8129874,4.5872,9207.905581,6380.856021,15919.92671,5670.984762,564.264642,1258.407683,850.4791263,2673.151451,0.379487376510644,0.262975580060027,0.656111334795368,0.233719504466237,0.0232551590333578,0.0518630242243041,0.0350509776167362,0.110169160862034
2018-07-01,29589.0938,272.785457,305.792872,29556.08639,2782,210.9703031,4.9142,9695.52986,10770.95452,20802.31103,5850.648238,555.956181,1428.483365,951.6949906,2936.134537,0.327672416246827,0.364017721962137,0.70303981496047,0.197729889179641,0.0187892263533938,0.048277361066056,0.0321637085959016,0.0992302960288699
2018-08-01,27968.85102,229.62185,280.115934,27918.35693,2916,158.5729984,6.538,10260.32584,7921.82648,18520.6707,5597.824065,581.589147,2354.617313,914.149796,3850.356256,0.366848313956946,0.283237465648312,0.662189186347205,0.200144941992687,0.0207941737250528,0.0841871305802393,0.0326845673905699,0.137665871695862
2018-09-01,25433.57523,203.86515,228.742746,25408.69763,3008,171.1939008,6.056,9384.36952,8954.422342,18657.09754,3668.70131,563.421266,1710.007538,834.3475761,3107.77638,0.368975633002266,0.352070924399094,0.73356173370361,0.144246386000526,0.0221526569074497,0.0672342571791862,0.0328049662131595,0.122191880295864
2018-10-01,23966.24338,147.44984,362.109772,23751.58345,3261,183.996361,5.5835,10124.78693,8198.243746,18637.0882,2446.862335,670.1940545,1512.010514,700.0882772,2882.292846,0.422460323441813,0.342074626215366,0.777639111165531,0.102096198231965,0.0279640844780572,0.0630891746372643,0.0292114315163898,0.120264690644229
2018-11-01,24150.31482,243.71218,328.62905,24065.39795,4612,197.0809702,5.2128,9993.879987,6988.471725,17324.87266,3592.068138,689.2466414,2059.548297,484.5790869,3233.374025,0.413819863694845,0.289373938894267,0.717376679729759,0.148737942539169,0.0285398615519994,0.0852803912640672,0.0200651250516493,0.133885377855294
2018-12-01,26001.67518,132.51764,399.719077,25734.47374,2940,194.2525917,5.2887,9963.632184,7118.140786,17453.74592,5843.519461,728.8005833,1676.604275,299.0049414,2704.4098,0.383191933405269,0.273757007451395,0.671254671061544,0.224736268742205,0.0280289857578322,0.0644806253210029,0.0114994491443378,0.104009060234711
2019-01-01,26058.601,142.59655,251.9496,25949.24795,2814,179.0101273,5.1645,9112.690836,5570.800799,15094.90936,5480.528118,904.4128997,2400.23799,320.9443313,3625.595221,0.349699925794174,0.213779734338002,0.579267834063694,0.210315516093899,0.0347068862100464,0.0921092421653795,0.0123162533284116,0.139132381703837
2019-02-01,23522.12557,175.964,321.80791,23376.28166,2812,173.2210006,5.3371,9131.025826,3722.27063,13219.05907,7172.732871,828.3578603,2263.929351,523.511679,3615.79889,0.388188805421805,0.158245504596207,0.561984036292176,0.304935574366122,0.0352161142000059,0.0962468015172661,0.0222561382661644,0.153719053970682
2019-03-01,24843.57531,259.045,264.05163,24838.56868,2662,166.4112685,5.5555,8577.60871,4443.47935,13426.61237,9627.606676,902.5335811,2164.734501,791.3289925,3858.597075,0.345264665128427,0.178858288090741,0.540446059090196,0.38752903138401,0.036328651163857,0.0871345800267586,0.0318524601481766,0.155315691354893
2019-04-01,23808.35765,120.35713,293.30274,23635.41204,2575,172.4824116,5.9656,7120.358366,3283.170903,10806.14384,9140.014901,855.7129207,2000.286395,768.6911812,3624.690497,0.299069699417087,0.137899932085404,0.453880271745666,0.38389942873695,0.035941703047291,0.0840161435914921,0.0322866109666325,0.152244457609616
2019-05-01,25013.34436,136.68344,327.35996,24822.66784,2454,176.2462874,5.8382,6960.367957,3135.363913,10529.0285,9023.442992,841.9019116,1543.972133,971.7478313,3357.621876,0.27826618691304,0.125347649153782,0.42093645489635,0.360745163146988,0.0336581106261954,0.061725937594696,0.0388491765560933,0.134233224780982
2019-06-01,24258.08589,154.74377,155.83916,24256.9905,2308,177.6490521,5.7921,7693.73672,3182.621125,11279.57634,6583.437879,789.4474714,1279.603452,959.9217235,3028.972647,0.317161739590164,0.131198361628029,0.464982125595071,0.271391481951753,0.0325436835775009,0.0527495639104607,0.0395712063949659,0.12486445388705
2019-07-01,28789.66383,164.11007,180.68879,28773.08511,2233,206.9921892,5.5864,10793.97904,6205.880922,17405.54554,6741.424575,743.4059428,2662.528702,1084.370651,4490.305296,0.374925497697275,0.215559339582605,0.604576199388015,0.234161281451823,0.0258219737191006,0.0924821046095556,0.0376652765868715,0.155969354922475
2019-08-01,27713.4725,193.11766,175.86547,27730.72469,2285,198.3228426,5.8306,10550.9503,5422.443301,16383.52616,7025.878574,748.3672904,2475.675434,1042.027022,4266.069747,0.380715563522399,0.195660911890417,0.591175507147291,0.253518521506101,0.0270037358328156,0.089331116264842,0.0376000164540911,0.153934868573399
2019-09-01,25418.70575,129.09748,168.03277,25379.77046,2330,204.7020067,5.6489,10523.02086,5155.164286,16082.74774,5558.598554,752.4906255,2108.088244,954.1587576,3814.737627,0.413987280213903,0.202809865171833,0.632713085323001,0.218681415516209,0.0296038135419228,0.0829345232890152,0.0375376609251633,0.150075997752167
2019-10-01,24248.6455,126.96548,260.17671,24115.43427,2633,210.3855633,5.713,10793.91619,5037.167313,16252.03923,4463.919438,831.9813197,1138.513502,817.7213557,2788.216177,0.44513480928244,0.207729842600899,0.670224620587571,0.184089434521198,0.0343104244606157,0.046951632906671,0.0337223518608493,0.11498440921164
2019-11-01,23996.96026,309.33981,200.41202,24105.88805,2281,209.1408949,5.747,10551.73318,5665.723325,16669.39683,3316.30536,885.0165937,2338.390525,620.9314899,3844.338609,0.439711241160342,0.236101708867021,0.694646182241084,0.138196893442703,0.0368803625172149,0.0974452805548797,0.0258754226857231,0.160201065774487
2019-12-01,26226.02281,299.486,189.18052,26336.32829,2189,202.0428521,5.9489,11084.73568,6464.115071,17993.91882,3960.478909,944.0681899,2452.262138,394.4729899,3790.803318,0.422661711244047,0.246477139055001,0.686109325472672,0.151013325111952,0.0359973830854759,0.0935049189793639,0.0150412814309605,0.144543583503426
2020-01-01,27131.87356,127.06215,227.428102,27031.50761,1841,178.9619706,5.9822,9793.554001,7567.999692,17832.61901,5480.528118,904.4128997,514.0755446,2400.23799,3818.726434,0.360961213361928,0.278933914212152,0.657257191272271,0.20199593315516,0.0333339641178838,0.018947292506843,0.0884656190326135,0.140746875646283
2020-02-01,25010.18975,283.867992,184.322858,25109.73488,1684,171.4941132,6.2427,8788.576843,4960.185074,14190.24104,7172.732871,828.3578603,554.9286242,2263.929351,3647.215836,0.351399846656501,0.198326567034542,0.567378383844529,0.286792421117077,0.0331208146991368,0.0221881013197831,0.0905202788795315,0.145829194918443
2020-03-01,24754.09819,307.789375,190.575306,24871.31226,1640,161.8593503,6.6143,8165.749968,2582.473784,11241.35305,9627.606676,902.5335811,817.8703852,2164.734501,3885.138468,0.329874669855626,0.104325100602665,0.454120887932052,0.388929808797854,0.0364599661103631,0.0330397972457909,0.0874495400472515,0.156949303431684
2020-04-01,20363.26051,163.566229,163.183652,20363.64309,1949,148.5131391,6.9864,5310.016776,1584.109574,7384.928119,9140.014901,855.7129207,982.3181731,2000.286395,3838.317489,0.260764565350051,0.0777925309761703,0.362659413769883,0.448848301897013,0.0420223922529389,0.0482397292230094,0.0982301627982267,0.188492284283997
2020-05-01,20937.84745,210.579172,120.680002,21027.74662,1849,152.1322241,6.8202,6119.710061,1800.669769,8414.600718,9023.442992,841.9019116,1113.929697,1543.972133,3499.803741,0.292279809355474,0.0860007110711851,0.40188470844934,0.430963259883718,0.0402095732911647,0.0532017295311797,0.0737407289210143,0.167152031714702
2020-06-01,23537.42528,344.00624,56.341372,23825.09014,1751,151.4151324,6.8525,9547.640286,3724.198003,13747.37008,6583.437879,789.4474714,1137.566389,1279.603452,3206.617312,0.405636562726032,0.158224527903844,0.584064311047704,0.279700850908023,0.0335400946368931,0.0483301115337625,0.0543646315082429,0.136234837661904
2020-07-01,28650.84672,171.980284,139.648492,28683.17852,1799,202.9853079,6.9719,9993.593503,6728.291014,17239.53618,6741.424575,743.4059428,1263.95133,2662.528702,4669.885975,0.348806218561906,0.234837423122412,0.601711228588779,0.235295823571388,0.0259470845683963,0.0441156710778005,0.092930192535685,0.162992948188862
2020-08-01,29343.54153,106.35372,153.052668,29296.84258,2630,192.5275853,7.3506,9798.901424,7540.051337,17850.98935,7025.878574,748.3672904,1242.630879,2475.675434,4466.673604,0.333937245236124,0.256957781639659,0.608344747062983,0.239435262673285,0.0255036458238993,0.042347679053313,0.0843686652979137,0.152219990195573
2020-09-01,27742.98933,52.933243,217.648443,27578.27413,2527,183.3460645,7.7187,9422.186798,8314.797745,18254.91431,5558.598554,752.4906255,1068.897604,2108.088244,3929.476473,0.339624064513166,0.299708068445557,0.65800098514474,0.200360476222697,0.0271236317236474,0.0385285663086113,0.0759863408706433,0.141638538884879
2020-10-01,25675.03702,55.777162,320.215405,25410.59878,3354,182.688971,8.3468,9285.056087,8468.830909,18299.89129,4463.919438,831.9813197,940.7314709,1138.513502,2911.226293,0.361637495586365,0.329846882105878,0.712750337058716,0.173862239595711,0.0324042890007097,0.0366399265624116,0.0443432078058207,0.113387423384521
2020-11-01,25931.66455,30.64366,372.279671,25590.02854,2882,194.6872354,7.8324,9603.34724,8520.996383,18663.30712,3316.30536,885.0165937,728.6449434,2338.390525,3952.052062,0.370332850075372,0.328594270011872,0.719711111641694,0.127886328068362,0.0341288000233676,0.0280986568368979,0.0901751031250325,0.152402559981442
2020-12-01,27624.31856,34.96141,338.266771,27321.0132,2539,205.0380937,7.437,9983.671098,9138.729822,19682.87458,3960.478909,944.0681899,584.6347386,2452.262138,3980.965067,0.361408773806147,0.330821909765871,0.712519823330621,0.143369288925547,0.0341752571325691,0.0211637705136572,0.0887718599347053,0.144110887599032
2021-01-01,27290.74599,66.34250508,163.3968068,27193.69169,2564,190.8339797,7.3149,9358.11507,8558.408373,18522.42501,4326.248955,956.2256227,2919.143999,566.7024034,4442.072025,0.342904333704511,0.313601115049622,0.678707171170296,0.158524393455028,0.0350384567373272,0.10696460991098,0.0207653687300323,0.162768435374676
2021-02-01,24645.91315,84.10866493,223.4352476,24506.58656,2771,187.9966437,7.4253,8922.402493,6842.301972,16339.70262,4029.096038,872.9958598,2510.56571,893.5529172,4277.114487,0.362023611732154,0.27762420204747,0.662978179000846,0.163479275995095,0.0354215262581983,0.10186539629188,0.0362556222511074,0.173542544801185
2021-03-01,28213.90679,91.713547,368.3265634,27937.29377,2608,169.2263791,8.2489,8466.524732,8392.297482,17499.03156,6206.36539,986.2951046,2521.585264,1000.629471,4508.50984,0.300083387778145,0.297452513204393,0.620227169893475,0.219975398522255,0.0349577643373224,0.0893738425794239,0.0354658246533464,0.15979743158427
2021-04-01,26395.89327,89.19280056,302.1228467,26182.96323,2931,192.1874222,8.2884,7274.556097,5872.716776,13776.57272,8074.581381,923.9707797,2475.432637,1145.335756,4544.739173,0.275594238186583,0.222486002497767,0.521921064730839,0.305902940976697,0.0350043383737322,0.0937809761419754,0.0433906799169294,0.172175994444002
2021-05-01,25499.44844,213.238035,333.0062101,25379.68026,3055,187.63266,8.4896,7323.262219,7158.387359,15137.40492,5818.694637,900.7225125,2105.285645,1537.340728,4543.348885,0.287192965613808,0.280727144975062,0.593636562595391,0.228189039095937,0.0353232155048135,0.0825620071725755,0.0602891757293241,0.178174398387105
2021-06-01,27228.89682,222.5699,323.6010156,27127.8657,3650,182.9120569,8.7087,8009.427717,10104.70554,18768.22187,4579.11385,846.4926247,1552.672092,1482.396379,3881.561095,0.294151752454288,0.371102274425527,0.689275881945187,0.168171111752004,0.031088024986684,0.0570229525736621,0.0544420285845426,0.142553006119181
2021-07-01,31266.06477,115.380561,458.4471871,30922.99815,3914,228.4399601,8.454,8813.186927,11223.57356,20714.39764,5065.211216,801.3683843,3052.176707,1632.910821,5486.455913,0.281877076371194,0.35896981735831,0.662520141002062,0.162003477356706,0.0256306123010696,0.0976194711247635,0.0522262981610269,0.175476381609248
2021-08-01,33023.95857,198.005709,438.143784,32783.8205,4377,232.219641,8.3164,9700.147202,12779.98203,23185.66268,4841.874898,795.1727846,2635.372543,1565.875662,4996.42099,0.293730601116122,0.386991220416856,0.702086112143521,0.146617035257503,0.024078663462301,0.0798018365185952,0.0474163525454059,0.151296852538414
2021-09-01,28148.4608,226.026012,472.7558052,27901.731,5867,217.2070612,8.8912,8434.669938,11020.53065,20157.52502,2881.386215,831.3131216,2890.138478,1388.097959,5109.549559,0.299649419480869,0.391514503343643,0.71611464524554,0.102363899591981,0.0295331644421566,0.102674831797552,0.049313458695404,0.181521454949324
2021-10-01,26713.24372,363.37998,416.099975,26660.52373,5426,242.3709255,9.608,6840.684015,11008.52108,18582.86079,3289.31384,939.9134183,2646.790888,1254.364791,4841.069097,0.256078373959447,0.412099750797317,0.695642243404801,0.123134197946067,0.0351852971564174,0.0990815984663955,0.0469566632995927,0.181223558911175
2021-11-01,27040.89459,297.197325,355.5387465,26982.55317,4567,172.7752854,13.4782,9810.033865,8938.606876,19491.47951,3125.130102,939.4638888,2633.725294,851.0957957,4424.284978,0.362785108027744,0.330558844724967,0.720814891871519,0.115570514562625,0.0347423375980846,0.0973978610520518,0.0314743949342099,0.163614593565856
2021-12-01,29255.68502,367.298051,331.5097241,29291.47334,3730,174.8128797,13.3211,10429.06906,9280.723296,20448.18006,3689.792853,999.2934264,3493.860561,624.5581129,5117.7121,0.356480084225353,0.317228029002071,0.698947231829337,0.126122251127518,0.0341572390363396,0.119425012903014,0.0213482648747768,0.174930516803876
2022-01-01,28704.96784,471.68761,425.31665,28751.3388,4874,188.5672334,13.3209,10566.51456,7332.75466,19228.40547,4738.164183,NA,NA,NA,4738.398194,0.368107521279843,0.25545246038499,0.669863334360036,0.165064256800784,NA,NA,NA,0.16507240908304
2022-02-01,25796.71748,419.13361,382.47134,25833.37975,4402,181.3818913,13.8486,9310.0311,5815.770164,16319.25784,5073.058818,NA,NA,NA,4404.40082,0.36089983569491,0.225446131606043,0.632609860252654,0.196655207079471,NA,NA,NA,0.170734932590346
2022-03-01,28694.41154,298.70953,330.99687,28662.1242,5642,171.1804809,14.6739,8502.546875,5294.203853,15279.87721,8103.355337,NA,NA,NA,5311.178996,0.296313686835761,0.184502959596153,0.532503591812638,0.282401865105473,NA,NA,NA,0.18509454318644
2022-04-01,26079.723,370.53317,341.73877,26108.5174,7244,230.8328417,14.8517,6833.557405,4193.885567,12371.60664,8737.493458,NA,NA,NA,4970.622899,0.262025689651688,0.160810203658988,0.474376458676344,0.335030148057938,NA,NA,NA,0.190593393150686
2022-05-01,25487.34802,430.69858,364.55676,25553.48984,8145,208.9956482,16.4035,6710.139706,4448.587272,12129.55582,8729.43571,NA,NA,NA,4628.356484,0.26327335824561,0.174541002402807,0.475904978834279,0.34250074598385,NA,NA,NA,0.18159427494646
2022-06-01,27238.82789,516.13579,286.42838,27468.5353,5424,205.2850369,16.7,8444.249837,5593.889627,14881.29315,6998.77009,NA,NA,NA,5358.764648,0.310007826735455,0.205364549810664,0.546326486958099,0.256940941741822,NA,NA,NA,0.196732571226654
2022-07-01,28893.76881,534.59935,257.06309,29171.30507,7926,238.1110554,17.9148,9488.182166,5888.491629,16237.52912,5649.556158,NA,NA,NA,7006.683537,0.328381604642596,0.203797976917501,0.561973386953254,0.195528530568318,NA,NA,NA,0.242498082651475
2022-08-01,31644.839,566.07094,239.88373,31971.02621,9127,234.4081118,18.1978,10213.70599,9799.887116,20845.75396,5439.352566,NA,NA,NA,5359.732478,0.322760561050729,0.309683582716284,0.658741033885494,0.171887509555666,NA,NA,NA,0.169371456685243
2022-09-01,27259.62975,640.96612,291.66486,27608.93101,7065,230.5491145,18.5024,10011.06635,7567.065249,18378.83358,3956.882966,NA,NA,NA,4923.913202,0.367248801315799,0.277592370784126,0.674214350985453,0.145155418554428,NA,NA,NA,0.18063023038675
2022-10-01,25046.65744,700.63567,287.23914,25460.05397,6355,257.8936909,18.6151,10541.65787,5007.744687,16355.17806,3307.943436,NA,NA,NA,5383.535949,0.420880825924691,0.19993664619705,0.652988451619914,0.132071253177166,NA,NA,NA,0.214940295402547
2022-11-01,24619.28256,741.27826,241.60619,25118.95463,6930,257.9352596,18.6121,10896.79434,4877.715014,16614.9077,3168.248753,NA,NA,NA,4836.126108,0.442612180653245,0.198125798431065,0.674873756353686,0.128689727057587,NA,NA,NA,0.196436516629346
2022-12-01,26548.63329,723.62493,261.14899,27011.10923,4475,256.853313,18.6905,11297.35586,6716.150411,18893.9747,3293.182284,NA,NA,NA,4361.476314,0.425534366933131,0.25297537306863,0.711674099891113,0.124043382875021,NA,NA,NA,0.164282517535199
2023-01-01,27034.3,903.2,240.2,27697.3,2684,0,18.8115,11309.9,7262.3,19457.1,2966.5,NA,NA,NA,4610.7,0.418353721013675,0.268632810910584,0.719719023610746,0.109730971395597,NA,NA,NA,0.170550004993656
2023-02-01,24586.1,569.1,222.1,24933.1,2747,0,18.8875,9202.4,7392,17321,2422.8,NA,NA,NA,4842.2,0.374292791455335,0.300657688694018,0.704503764322117,0.0985434859534453,NA,NA,NA,0.196948682385576
2023-03-01,26459.4,559.9,164,26855.2,2216,0,19.1793,9403.8,5535.9,15775.8,5377.3,NA,NA,NA,5306.3,0.3554048844645,0.20922243134765,0.596226671806617,0.203228342290453,NA,NA,NA,0.200544985902931
