date;turkey_total_generation_in_gwh;population;imports_in_gwh;exports_in_gwh;gross_demand_in_gwh;natural_gas_price_usd_Mmbtu;pib_m_dollar;ratio_dollar_tl;coal_elect_prod_gwh;ng_elect_prod_gwh;thermique_elect_prod_gwh;hidro_elect_prod_gwh;geothermal_elect_prod_gwh;wind_elect_prod_gwh;solar_elect_prod_gwh;geothermal_solar_wind_elect_prod_gwh
1.01.2002;11704.1;;300.8;40.9;11964;2138;53.31720167;1.307;;;;;;0;0;
1.02.2002;9613.9;;370.4;33.3;9951;2357;49.90016655;1.3965;;;;;;0;0;
1.03.2002;10882.3;;371.2;38.6;11214.9;3283;51.71471806;1.3475;;;;;;0;0;
1.04.2002;10307.2;;337.7;38.8;10606.1;3795;62.78757123;1.341;;;;;;0;0;
1.05.2002;10136.6;;287.4;38;10386;3217;58.49123516;1.4395;;;;;;0;0;
1.06.2002;10216.9;;248.2;30;10435.1;3245;53.20577126;1.5825;;;;;;0;0;
1.07.2002;11500.2;;261.4;33.1;11728.5;2954;60.58823405;1.69;;;;;;0;0;
1.08.2002;11386.7;;291.8;31.7;11646.8;3296;62.8184758;1.63;;;;;;0;0;
1.09.2002;10255.4;;282.7;32.6;10505.5;4138;61.86955622;1.655;;;;;;0;0;
1.10.2002;10517.6;;287.6;35;10770.2;4156;63.10782139;1.677;;;;;;0;0;
1.11.2002;10991.7;;271.4;40.8;11222.3;4200;68.78896098;1.5385;;;;;;0;0;
1.12.2002;11886.9;;277.6;42.3;12122.2;4789;63.75410631;1.66;;;;;;0;0;
1.01.2003;12111.6;;314.7;40.2;12386.1;5605;58.88557359;1.65;;;;;;0;0;
1.02.2003;10662.5;;233.5;36.8;10859.2;8101;60.83982244;1.597;;;;;;0;0;
1.03.2003;12053.3;;379.7;41.6;12391.4;5060;56.63724653;1.7155;;;;;;0;0;
1.04.2003;10872.6;;206.6;33.8;11045.4;5385;71.73175039;1.5657;;;;;;0;0;
1.05.2003;10949.1;;0.0;31.5;10917.6;6251;78.593703;1.429;;;;;;0;0;
1.06.2003;11112;;0.0;26.9;11085.1;5411;79.0918321;1.42;;;;;;0;0;
1.07.2003;12443.9;;0.0;28.5;12415.4;4718;92.07974294;1.4234;;;;;;0;0;
1.08.2003;12589.2;;0.0;27.9;12561.3;4731;93.49857761;1.4018;;;;;;0;0;
1.09.2003;11460.7;;0.0;46.4;11414.3;4830;94.30587574;1.3898;;;;;;0;0;
1.10.2003;11659.6;;0.0;80.7;11578.9;4893;88.67816707;1.4844;;;;;;0;0;
1.11.2003;11541.3;;0.0;101.9;11439.4;4925;89.94456522;1.4635;;;;;;0;0;
1.12.2003;13124.7;;23.5;91.4;13056.8;6189;93.84990104;1.4026;;;;;;0;0;
1.01.2004;12999.6;;42.3;100.3;12941.6;5397;89.14575579;1.341;;;;;;0;0;
1.02.2004;11560;;36.2;88.3;11507.9;5416;90.0862536;1.327;;;;;;0;0;
1.03.2004;12598.8;;37.1;96.5;12539.4;5933;91.01214962;1.3135;;;;;;0;0;
1.04.2004;11842.5;;32.6;92.8;11782.3;5862;97.83753947;1.4206;;;;;;0;0;
1.05.2004;11885.4;;26.7;89.9;11822.2;6442;93.31185537;1.4895;;;;;;0;0;
1.06.2004;11982.8;;27.6;84.6;11925.8;6155;93.56311583;1.4855;;;;;;0;0;
1.07.2004;13286.2;;45.7;89.1;13242.8;6112;109.9284308;1.468;;;;;;0;0;
1.08.2004;13353.2;;47.7;96.3;13304.6;5074;107.4400375;1.502;;;;;;0;0;
1.09.2004;12561.1;;47;83;12525.1;6795;107.2971651;1.504;;;;;;0;0;
1.10.2004;12378.4;;33.2;85.4;12326.2;8725;110.7342136;1.4715;;;;;;0;0;
1.11.2004;12211.6;;41.5;102.8;12150.3;7620;113.8284285;1.4315;;;;;;0;0;
1.12.2004;14038.7;;45.9;135.3;13949.3;6149;120.8345535;1.3485;;;;;;0;0;
1.01.2005;13300.3;;50;137.9;13212.4;6321;106.7677573;1.3355;;;;;;0;0;
1.02.2005;12609.9;;44.6;130.6;12523.9;6730;111.136664;1.283;;;;;;0;0;
1.03.2005;13574.2;;45.2;153.7;13465.7;7653;105.4257596;1.3525;;;;;;0;0;
1.04.2005;12635.8;;38.7;140.6;12533.9;6585;117.5069265;1.3915;;;;;;0;0;
1.05.2005;12861.5;;41.3;142.9;12759.9;6379;119.832091;1.3645;;;;;;0;0;
1.06.2005;12720.4;;37.4;154.9;12602.9;6981;122.8943166;1.3305;;;;;;0;0;
1.07.2005;14313.7;;88.9;148.2;14254.4;7885;140.7785603;1.3259;;;;;;0;0;
1.08.2005;14757.3;;94.9;158.2;14694;11472;138.7794001;1.345;;;;;;0;0;
1.09.2005;13378.2;;52.6;147.4;13283.4;13921;138.6248;1.3465;;;;;;0;0;
1.10.2005;13503.4;;43.8;140.2;13407;12205;138.748299;1.3515;;;;;;0;0;
1.11.2005;13422.1;;48.1;148.1;13322.1;12587;138.2368788;1.3565;;;;;;0;0;
1.12.2005;14879.4;;50.4;195.4;14734.4;11225;138.8510375;1.3505;;;;;;0;0;
1.01.2006;14332.5;;50;210.4;14172.1;9316;122.8885998;1.3228;;;;;;0;0;
1.02.2006;13683;;42.7;185.4;13540.3;6714;123.7115981;1.314;;;;;;0;0;
1.03.2006;14616.8;;45.8;191.2;14471.4;7210;120.9051989;1.3445;;;;;;0;0;
1.04.2006;13397.6;;47.2;167.3;13277.5;6555;147.2107738;1.3225;;;;;;0;0;
1.05.2006;13996.9;;43.5;164.7;13875.7;6384;123.7281527;1.5735;;;;;;0;0;
1.06.2006;14473.8;;32.7;170.4;14336.1;6104;123.0244855;1.5825;;;;;;0;0;
1.07.2006;15588;;34.9;170.1;15452.8;8211;146.0327677;1.4976;;;;;;0;0;
1.08.2006;16389.5;;45.4;167.7;16267.2;6048;149.3129466;1.4647;;;;;;0;0;
1.09.2006;14491.3;;67.7;163.9;14395.1;5620;144.4032175;1.5145;;;;;;0;0;
1.10.2006;13843.2;;47.7;155.6;13735.3;7534;150.8476172;1.4572;;;;;;0;0;
1.11.2006;15236.2;;54;222.3;15067.9;8844;151.2108054;1.4537;;;;;;0;0;
1.12.2006;16251;;61.6;266.7;16045.9;6299;155.2915209;1.4155;;;;;;0;0;
1.01.2007;15873.9;;63.519131;251.74021;15685.67892;7667;135.9295785;1.4065;;;;;;0;0;
1.02.2007;14669.6;;56.13999;177.78573;14547.95426;7300;135.3042832;1.413;;;;;;0;0;
1.03.2007;15801;;59.601827;237.95334;15622.64849;7730;137.3455116;1.392;;;;;;0;0;
1.04.2007;14929.3;;61.152624;204.6255;14785.82712;7863;157.0796187;1.3645;;;;;;0;0;
1.05.2007;15245.8;;107.083912;240.35081;15112.5331;7935;162.683218;1.3175;;;;;;0;0;
1.06.2007;15741.2;;69.862655;250.64485;15560.41781;6773;163.3029636;1.3125;;;;;;0;0;
1.07.2007;17585;;99.700366;193.13831;17491.56206;6191;186.2604104;1.2843;;;;;;0;0;
1.08.2007;17791.1;;102.586549;314.18559;17579.50096;5468;183.9685035;1.3003;;;;;;0;0;
1.09.2007;15802.6;;60.654596;226.96786;15636.28674;6870;198.1726825;1.2071;;;;;;0;0;
1.10.2007;15142.7;;56.848827;128.393;15071.15583;8330;208.5844938;1.1649;;;;;;0;0;
1.11.2007;16163.9;;57.356226;117.8437;16103.41253;7302;205.3063598;1.1835;;;;;;0;0;
1.12.2007;16812;;69.823314;78.5875;16803.23581;7483;208.084334;1.1677;;;;;;0;0;
1.01.2008;17888.5;;65;5.2;17948.3;8074;187.6526006;1.1715;4992.402;7943.091;14004.764;3828.889;54.851;0;0;54.851
1.02.2008;16523.8;;66;85.7;16504.1;9366;180.1188215;1.2205;4668.627;8417.088;13703.927;2761.277;58.566;0;0;58.566
1.03.2008;16371.1;;45.3;171.9;16244.5;10101;164.7074411;1.3347;4461.552;8282.924;13192.935;3102.15;76.046;0;0;76.046
1.04.2008;15708.2;;68.4;124.3;15652.3;10843;197.325143;1.2747;3914.773;7706.82;12160.617;3480.137;67.426;0;0;67.426
1.05.2008;16239.1;;124.9;80;16284;11703;206.358487;1.2189;4516.781;7937.6;13049.32;3135.725;54.093;0;0;54.093
1.06.2008;16558.6;;47;78.5;16527.1;13353;205.5490397;1.2237;5222.086;7762.785;13579.675;2908.087;70.846;0;0;70.846
1.07.2008;18304.4;;81.3;77.2;18308.5;9119;233.0739933;1.1616;5242.182;8757.743;14688.966;3517.825;97.607;0;0;97.607
1.08.2008;18442.5;;33.7;84.4;18391.8;7943;228.5679617;1.1845;5424.813;8915.981;15016.723;3300.981;124.822;0;0;124.822
1.09.2008;16070.8;;66.7;92.4;16045.1;7438;212.0945951;1.2765;4834.407;8577.803;14021.009;1964.964;84.86;0;0;84.86
1.10.2008;14974.6;;66.5;124.1;14917;6783;169.0133344;1.5422;4779.798;8033.115;13405.154;1456.019;113.432;0;0;113.432
1.11.2008;15475.74;;66.1;95.8;15446.04;6510;166.5297497;1.5652;4667.853;8153.582;13508.969;1872.631;94.115;0;0;94.115
1.12.2008;15860.64;;58.5;102.7;15816.44;5622;169.199847;1.5405;4990.308;8196.795;13807.234;1941.116;112.27;0;0;112.27
1.01.2009;16891.584;;64.92;105.088;16851.416;4417;129.5427516;1.6433;5273.396;7946.692;14294.127;2471.485;15.398;110.574;0;125.972
1.02.2009;15049.78;;56.278;96.029;15010.029;4198;125.2147542;1.7001;4477.098;7873.381;12978.549;1937.77;13.257;120.206;0;133.463
1.03.2009;16027.139;;60.24;103.668;15983.711;3776;128.0852008;1.662;4459.487;8130.495;13213.532;2715.1;16.009;82.496;0;98.505
1.04.2009;14890.348;;60.223;101.468;14849.103;3373;152.0078631;1.5983;3933.504;7029.344;11426.503;3358.806;25.446;79.601;0;105.047
1.05.2009;15352.341;;50.559;105.185;15297.715;3835;158.2144879;1.5356;4236.412;6854.446;11446.756;3786.473;34.887;84.225;0;119.112
1.06.2009;15948.036;;58.379;106.799;15899.616;3835;157.6089313;1.5415;4490.177;7810.65;12620.152;3202.802;43.429;81.644;0;125.073
1.07.2009;17751.783;;89.741;98.016;17743.508;3653;186.0512275;1.4711;5157.788;8504.357;14045.071;3529.733;44.102;132.867;0;176.969
1.08.2009;17815.311;;93.937;204.692;17704.556;2977;182.4179957;1.5004;5252.045;8732.525;14267.979;3315.097;43.963;188.27;0;232.233
1.09.2009;15500.818;;52.898;174.415;15379.301;4841;184.4463648;1.4839;4195.841;8105.069;12556.968;2762.544;47.722;133.584;0;181.306
1.10.2009;16053.931;;36.88;100.907;15989.904;5045;183.7763872;1.5064;4794.031;8144.674;13180.777;2688.705;50.15;134.298;0;184.448
1.11.2009;15811.708;;91.702;124.119;15779.291;4848;181.1547897;1.5282;4386.58;7996.223;12639.826;2997.655;49.506;124.721;0;174.227
1.12.2009;17720.159;;96.194;225.443;17590.91;5572;184.535895;1.5002;5028.722;8966.833;14253.206;3192.198;51.869;222.884;0;274.753
1.01.2010;17501.731;;97.613;177.636;17421.708;5131;161.5941065;1.497;4555.62;8238.9;13012.36;4199;51.88;238.5;0;290.38
1.02.2010;15837.69;;95.074;187.748;15745.016;4813;156.4016147;1.5467;4093.4;6964.4;11235.34;4352.8;46.14;203.43;0;249.57
1.03.2010;17119.705;;81.059;121.93;17078.834;3869;159.2327392;1.5192;3998.3;7306.6;11518.81;5368.4;46.83;185.7;0;232.53
1.04.2010;16362.722;;58.631;107.617;16313.736;3920;188.3353293;1.4897;3218.6;7071.7;10508.529;5596.7;57.2;200.3;0;257.5
1.05.2010;16812.895;;58.406;159.639;16711.662;4341;178.2371769;1.5741;3871.08;7372.34;11458.52;5167;55.93;131.4;0;187.33
1.06.2010;17311.9;;46.577;215.404;17143.073;4616;176.7995085;1.5869;5050.6;7465.85;12723.9;4366.5;56.8;164.73;0;221.53
1.07.2010;19567.597;;91.577;231.223;19427.951;4923;212.718037;1.5078;5434.8;8963.1;14626.4;4582.14;54.74;304.3;0;359.04
1.08.2010;20620.807;;78.72;246.395;20453.132;3816;210.0846637;1.5267;5757.6;9507.7;15569.02;4709.72;54.4;287.63;0;342.03
1.09.2010;17139.645;;92.337;137.98;17094.002;3872;221.4723492;1.4482;4621.15;8714.8;13544.33;3255.7;56.35;283.24;0;339.59
1.10.2010;17291;;132.172;105.077;17318.095;4038;226.4191944;1.433;4446.94;9055.84;13705.65;3233.14;62.54;289.63;0;352.17
1.11.2010;16464.48;;142.677;112.301;16494.856;4180;215.6015054;1.5049;4725.8;7824.5;12747.68;3394.13;60.88;261.84;0;322.72
1.12.2010;19177.547;;168.982;114.634;19231.895;4405;210.4278523;1.5419;5272.5;9658.01;15177.03;3570.23;64.55;365.73;0;430.28
1.01.2011;19603.106;;163.234;41.967;19724.373;4420;182.518675;1.6045;6014.78;9906.6;16099.08;3164.7;65.1;274.25;0;339.35
1.02.2011;17649.922;;361.324;220.941;17790.305;4037;183.192302;1.5986;5265.38;8819.35;14209.08;3079.12;57;304.65;0;361.65
1.03.2011;19157.475;;317.791;197.149;19278.117;4389;189.4986502;1.5454;5541.48;8717.2;14366.53;4412;64.5;314.5;0;379
1.04.2011;17797.292;;329.763;203.737;17923.318;4698;222.7238583;1.5211;4270.78;7442.1;11806.53;5568.66;58.7;363.4;0;422.1
1.05.2011;17579.678;;325.92;219.252;17686.346;4666;212.5511392;1.5939;4615.24;6484.9;11186.04;6048.2;53.3;292.2;0;345.5
1.06.2011;18048.739;;252.938;298.916;18002.761;4374;209.0492786;1.6206;5438.14;6619.3;12127.44;5539.3;54.1;327.9;0;382
1.07.2011;20947.728;;531.063;408.749;21070.042;4145;227.7674199;1.6887;6286.94;9081;15458.94;5074.1;56;358.7;0;414.7
1.08.2011;20491.721;;561.955;380.167;20673.509;4054;224.1177264;1.7162;5853.94;9449.7;15417.28;4387.3;58.6;628.54;0;687.14
1.09.2011;18897.689;;446.076;357.661;18986.104;3666;206.8018937;1.8599;5481.54;9108.6;14701.74;3645.9;56;494.04;0;550.04
1.10.2011;18900.534;;425.768;391.516;18934.786;3934;219.4581017;1.771;5244.2;9389;14775.1;3627.1;50;448.3;0;498.3
1.11.2011;19188.165;;410.291;451.841;19146.615;3550;212.4639469;1.8293;5436.6;8975.94;14544.89;4095.24;57.4;490.62;0;548.02
1.12.2011;21133.078;;429.677;472.729;21090.026;2989;206.1858345;1.885;6768.84;10053.94;16945.67;3697;63.64;426.76;0;490.4
1.01.2012;21483.904;;388.297;466.073;21406.128;2503;188.9032854;1.7773;6723.1;9307.1;16367.2;4582.2;76.54;457.94;0;534.48
1.02.2012;19913.341;;388.721;307.296;19994.766;2616;191.9488933;1.7491;6095.9;7145.2;13872.4;5588.1;72.14;380.7;0;452.84
1.03.2012;20726.703;;415.435;384.256;20757.882;2126;188.3522071;1.7825;5854.5;8284.9;14289.6;5950;78;409.1;0;487.1
1.04.2012;18182.462;;310.674;238.301;18254.835;2285;219.2050776;1.7565;3555.14;6470.3;10120.82;7538.2;71.52;451.94;0;523.46
1.05.2012;18721.461;;395.589;163.391;18953.659;2422;206.3306997;1.8661;4857.9;6904.25;11878.1;6481.64;64.81;296.94;0;361.75
1.06.2012;19900.951;;426.532;226.892;20100.591;2824;212.7610758;1.8097;5678.1;8495.5;14283.68;5020.31;63.2;533.8;0;597
1.07.2012;22625.296;;597.066;342.411;22879.951;3209;238.2859803;1.7951;6548.2;10344.7;17089.4;4809.64;64.67;661.54;0;726.21
1.08.2012;21278.648;;522.352;261.687;21539.313;2799;235.2068422;1.8186;6169.6;9724;16117.96;4414.2;64.4;682.05;0;746.45
1.09.2012;19543.58;;534.976;215.549;19863.007;3320;238.11354;1.7964;5710.3;10066.5;15902.51;3088.2;64.8;488.04;0;552.84
1.10.2012;17826.328;;509.395;118.276;18217.447;3692;241.3919266;1.7936;5339.46;8876.4;14340.13;3012.4;78.88;394.85;0;473.73
1.11.2012;18740.204;;596.42;92.907;19243.717;3561;242.2428018;1.7873;5577;9199.2;14897.54;3165.85;95.78;581.1;0;676.88
1.12.2012;20553.895;;741.21;136.538;21158.567;3351;242.7317148;1.7837;5903.93;9681.1;15712.33;4214.23;104.6;522.78;0;627.38
1.01.2013;20784.343;;716.193;101.128;21399.408;3339;220.9681365;1.7589;5785.74;9057.6;15028.38;5028.7;105.26;622;0;727.26
1.02.2013;18319.101;;627.824;72.998;18873.927;3486;216.102783;1.7985;4926.64;7434.3;12492.28;5228.7;95.6;502.5;0;598.1
1.03.2013;19883.53;;574.699;11.573;20446.656;4024;214.8484551;1.809;5113.35;7635.3;12893.6;6252.3;103.4;634.2;0;737.6
1.04.2013;18606.775;;507.125;3.516;19110.384;4343;248.0945223;1.793;3867.6;7522.9;11548.24;6463.8;90;504.8;0;594.8
1.05.2013;19127.689;;455.393;1.51;19581.572;3984;237.1686279;1.8756;4902.1;8116.6;13172.1;5438.65;97;419.95;0;516.95
1.06.2013;19699.236;;449.823;51.597;20097.462;3565;230.6270627;1.9288;5435.2;9084.8;14709.14;4373.3;86.9;529.9;0;616.8
1.07.2013;22218.289;;584.261;110.713;22691.837;3446;255.6619712;1.9353;5827.34;10065.44;16143.92;4906.8;86.74;1080.8;0;1167.54
1.08.2013;21291.4;;625.726;149.983;21767.143;3581;242.504834;2.0403;5512.3;9316.5;15036.24;5156.7;92.34;1006.1;0;1098.44
1.09.2013;19948.78;;582.386;111.294;20419.872;3560;245.111767;2.0186;5450.14;9827.54;15490.02;3867.2;124.6;467;0;591.6
1.10.2013;18621.218;;701.315;201.909;19120.624;3581;248.0713268;1.996;5341.64;8633.8;14190.58;3719.06;152.8;558.8;0;711.6
1.11.2013;19690.04;;758.211;190.03;20258.221;3954;245.1482168;2.0198;5395.2;9961;15587.48;3375;154.8;572.75;0;727.55
1.12.2013;21963.549;;846.45;220.476;22589.523;4230;230.7532708;2.1458;6228.76;8460.54;15520.48;5610.3;174.1;658.65;0;832.75
1.01.2014;21558.2;;760.7;279.8;22039.1;4943;200.8476525;2.2607;6483.25;10561.64;17273.94;3523.1;189.8;570.42;0.9;761.12
1.02.2014;19351.2;;606.6;208.5;19749.3;4609;205.5204309;2.2093;5753.5;8660.3;14940.15;3677.6;173.7;559.2;0.5;733.4
1.03.2014;20630.9;;637.2;225.6;21042.5;4371;212.1064549;2.1407;6108.7;9472.3;15843.3;3824.04;200.24;762.7;0.6;963.54
1.04.2014;19853.6;;635.9;171.5;20318;4815;232.0209966;2.1125;5540.4;9451.5;15271.2;3892.84;188.6;499.9;1.1;689.6
1.05.2014;20214.6;;620.7;194.5;20640.8;4542;233.7248368;2.0971;6296.3;9649.14;16217.84;3196.65;171.05;627.7;1.32;800.07
1.06.2014;20332.1;;510.3;120.8;20721.6;4461;231.2983603;2.1191;6240.38;9555.8;15997.88;3529.5;183.26;619.9;1.6;804.76
1.07.2014;22820.9;;747.9;191.4;23377.4;3841;257.4227635;2.1418;6610.48;10791.76;17682.38;4068.64;183.14;884.84;1.94;1069.92
1.08.2014;23935.1;;588.6;215.4;24308.3;4065;254.7936942;2.1639;7192;11319.5;18824.8;4033.9;179.6;894.9;1.9;1076.4
1.09.2014;21308.5;;533.2;195.5;21646.2;4121;242.0103919;2.2782;6228.8;10970.7;17422.5;2989.74;188.7;705.6;2;896.3
1.10.2014;19227.6;;645.3;291.4;19581.5;3873;251.5058946;2.224;5978.3;9169.2;15367.8;2795.35;199.75;863;1.74;1064.49
1.11.2014;20756.8;;795.6;263.6;21288.8;4088;252.0044645;2.2196;6494.5;10340.24;17241.14;2550.6;246.3;717;1.8;965.1
1.12.2014;21973.2;;871.5;338;22506.7;2889;239.6012463;2.3345;7336.08;10633.95;18333.62;2562.74;259.84;814.94;2.02;1076.8
1.01.2015;22333.5;;791.6228431;343.55309;22781.56975;2691;204.5751351;2.4464;6838.64;8723.85;16196.39;4859.4;264.9;1010.34;2.5;1277.74
1.02.2015;20094.85;;629.1379215;227.771539;20496.21638;2734;199.4868505;2.5088;6237.34;7843.74;14999.48;3804.6;234.1;1053.2;3.5;1290.8
1.03.2015;21318.3;;671.9177976;290.200349;21700.01745;2640;192.6524793;2.5978;6401.9;7925.05;14610;5635.71;268.81;798;5.74;1072.55
1.04.2015;20432;;415.1109726;282.221605;20564.88937;2751;211.8544453;2.6723;4266.7;6889.1;11408.3;7883.8;264.1;867.6;8.2;1139.9
1.05.2015;21128.15;;428.5652053;181.614187;21375.10102;2642;212.594305;2.663;5842.4;6931.7;13009.8;7111.9;259.6;734.5;12.4;1006.5
1.06.2015;20766.5;;551.2203096;224.478935;21093.24137;2832;211.1197174;2.6816;5914.7;7119.2;13217.5;6351.94;245.44;936.8;14.8;1197.04
1.07.2015;23388.04;;650.5990536;282.560297;23756.07876;2716;228.980627;2.771;6823.7;8134.4;15138.9;6697.15;256.45;1272.8;22.7;1551.95
1.08.2015;24815.6;;599.8825074;272.513463;25142.96904;2689;217.683998;2.9148;6921.6;10069.35;17184.5;6178.4;261.1;1166.45;25.15;1452.7
1.09.2015;21547.1;;527.1013561;279.660847;21794.54051;2524;209.7052971;3.0257;6107.7;9056.64;15362.15;5138.2;257.7;761.1;27.9;1046.7
1.10.2015;21053.85;;502.4419823;297.681943;21258.61004;2321;222.916806;2.9151;6178.88;8660.25;15046.73;4629.2;357.5;995.9;24.6;1378
1.11.2015;21245.05;;592.7852288;268.627945;21569.20728;2235;223.0698504;2.9131;6761.6;8332.25;15303.1;4554.64;363.54;998.14;25.63;1387.31
1.12.2015;23660.4;;775.121041;243.571362;24191.94968;2337;222.718162;2.9177;7870.4;9533.2;17889.56;4300.9;391.25;1057.64;21;1469.89
1.01.2016;23443.08809;;706.3507737;188.901007;23960.53785;2298;192.1773314;2.9553;7714.4;7904.1;16214.6;5542.4;396.8;1268.5;20.8;1686.1
1.02.2016;20929.19978;;591.2664289;114.45992;21406.00628;1711;191.5227853;2.9654;7013.9;7001;14255.8;5108;380.7;1146.1;38.6;1565.4
1.03.2016;22038.77493;;444.6049491;60.443834;22422.93604;1959;201.6122356;2.817;6850.4;6380.2;13530.1;6772.7;418.9;1258.2;58.8;1735.9
1.04.2016;21330.83772;;393.7939701;107.99268;21616.63901;2178;227.3563358;2.7955;5884.9;6857.2;13040.1;6998.5;386.8;827.8;77.7;1292.3
1.05.2016;21923.77967;;395.1419818;58.94878;22259.97287;2288;215.4928585;2.9494;7382.2;6149.7;13824.1;6683.6;397.6;935.6;83;1416.2
1.06.2016;22975.93995;;505.122176;69.300136;23411.76199;2924;220.8620206;2.8777;7361.6;7371.7;15002.4;6388;360.8;1124.3;100.5;1585.6
1.07.2016;24269.89349;;647.673994;168.047606;24749.51987;2876;224.3696042;2.9883;7587;7925.5;15785.3;6173.7;380.7;1802.7;127.5;2310.9
1.08.2016;26146.37182;;665.632926;122.911496;26689.09325;2887;226.6679135;2.958;8458.9;9552.3;18287.8;5616.1;388;1728;126.5;2242.5
1.09.2016;21264.53322;;476.68486;99.335274;21641.88281;2906;223.5541771;2.9992;8089.8;6891.4;15242.6;4175.9;394.1;1329.4;122.5;1846
1.10.2016;22127.15292;;430.05439;192.47069;22364.73662;3026;243.2398323;3.0939;8318.2;7866.9;16467.6;4006.1;406.5;1124.7;122.3;1653.5
1.11.2016;22892.85499;;422.421637;132.75983;23182.5168;3352;218.9583117;3.437;8374.1;8519.4;17270.7;3738.6;437.4;1345.8;100.3;1883.5
1.12.2016;25065.32247;;651.5849611;136.12532;25580.78212;3724;213.3287176;3.5277;9236.7;6807.8;16877.1;6027.2;470.3;1626;64.7;2161
1.01.2017;25479.29413;;340.2583205;233.560562;25585.99189;3117;173.4386981;3.7734;9076.317776;7758.844259;17564.38658;5646.677294;514.3194782;1676.516066;77.39471519;2268.23026
1.02.2017;22916.21555;;179.461926;211.859823;22883.81766;2774;179.4400042;3.6472;7789.923933;8199.539989;16481.38721;4274.234311;448.865343;1579.495284;132.2334045;2160.594031
1.03.2017;23998.67926;;305.597211;247.902117;24056.37435;3190;180.0323458;3.6352;7684.544035;8287.012416;16266.44195;5687.452982;498.342652;1381.439107;165.0025654;2044.784324
1.04.2017;22583.39103;;156.569729;308.104234;22431.85652;3276;208.4334898;3.5516;6057.620777;7443.265226;13771.15725;7137.608912;455.910934;1008.246226;210.4677008;1674.624861
1.05.2017;23442.22115;;230.38271;331.406744;23341.19712;3071;209.8872646;3.527;6197.579047;7564.486326;14045.54834;7377.181761;470.426113;1314.23052;234.8344212;2019.491054
1.06.2017;22913.25457;;199.780996;252.798867;22860.2367;3035;210.2329838;3.5212;7686.305461;7951.337064;15913.72337;5257.426025;453.943723;1009.075214;279.0862444;1742.105181
1.07.2017;28362.6383;;286.144433;264.452295;28384.33044;2794;238.6588553;3.5193;9353.283461;11251.80196;20895.6131;4719.755336;431.527656;1991.11874;324.6234711;2747.269867
1.08.2017;28130.39058;;212.590172;242.256844;28100.7239;3040;243.2624061;3.4527;9075.366747;10898.01523;20269.01207;4803.589743;491.687672;2233.734281;332.3668049;3057.788758
1.09.2017;24455.31563;;260.45253;243.119892;24472.64827;3007;235.6854139;3.5637;8311.004016;10103.35662;18718.57212;3789.241427;529.700264;1082.432703;335.369125;1947.502092
1.10.2017;24058.61636;;152.08504;324.325566;23886.37583;2896;237.0955147;3.792;8613.671387;10512.24575;19449.25158;2361.58003;595.3338;1331.756946;320.6940086;2247.784755
1.11.2017;24729.57589;;171.951104;336.446571;24565.08042;3025;229.4121439;3.919;8841.110784;11355.7806;20508.34298;2232.427353;611.113226;1123.438891;254.2534412;1988.805559
1.12.2017;26207.9314;;232.994056;307.439899;26133.48556;2953;237.2206311;3.79;8789.56739;9164.295472;18255.02615;4931.287245;626.311046;2172.331132;222.975835;3021.618013
1.01.2018;26667.16368;;165.22265;255.16238;26577.22395;2995;212.0746761;3.7555;9869.434396;9223.711414;19415.13007;4535.584703;648.350791;1812.040054;256.0580577;2716.448903
1.02.2018;23633.1449;;202.277088;206.694678;23628.72731;2667;209.6573776;3.7988;9320.520112;7775.69681;17393.84825;3611.788701;572.203977;1684.63804;370.6659248;2627.507941
1.03.2018;25179.76504;;129.49317;250.18427;25059.07394;2733;201.366921;3.9552;8753.484265;6572.078576;15641.63631;6272.710261;641.256827;2053.862976;570.2986703;3265.418473
1.04.2018;23771.24347;;232.70819;70.07419;23933.87747;2763;221.1471393;4.0617;7856.824795;6651.875589;14834.59472;6352.107508;613.411247;1167.917285;803.2127061;2584.541238
1.05.2018;24176.75096;;288.44171;134.202193;24330.99048;2952;198.5265412;4.5245;8817.931717;5926.538472;15082.55733;6495.626099;602.280225;1231.068836;765.2184671;2598.567528
1.06.2018;24264.06292;;228.792434;290.450254;24202.4051;2924;195.8129874;4.5872;9207.905581;6380.856021;15919.92671;5670.984762;564.264642;1258.407683;850.4791263;2673.151451
1.07.2018;29589.0938;;272.785457;305.792872;29556.08639;2782;210.9703031;4.9142;9695.52986;10770.95452;20802.31103;5850.648238;555.956181;1428.483365;951.6949906;2936.134537
1.08.2018;27968.85102;;229.62185;280.115934;27918.35693;2916;158.5729984;6.538;10260.32584;7921.82648;18520.6707;5597.824065;581.589147;2354.617313;914.149796;3850.356256
1.09.2018;25433.57523;;203.86515;228.742746;25408.69763;3008;171.1939008;6.056;9384.36952;8954.422342;18657.09754;3668.70131;563.421266;1710.007538;834.3475761;3107.77638
1.10.2018;23966.24338;;147.44984;362.109772;23751.58345;3261;183.996361;5.5835;10124.78693;8198.243746;18637.0882;2446.862335;670.1940545;1512.010514;700.0882772;2882.292846
1.11.2018;24150.31482;;243.71218;328.62905;24065.39795;4612;197.0809702;5.2128;9993.879987;6988.471725;17324.87266;3592.068138;689.2466414;2059.548297;484.5790869;3233.374025
1.12.2018;26001.67518;82003882;132.51764;399.719077;25734.47374;2940;194.2525917;5.2887;9963.632184;7118.140786;17453.74592;5843.519461;728.8005833;1676.604275;299.0049414;2704.4098
1.01.2019;26058.601;;142.59655;251.9496;25949.24795;2814;179.0101273;5.1645;9112.690836;5570.800799;15094.90936;5480.528118;904.4128997;2400.23799;320.9443313;3625.595221
1.02.2019;23522.12557;;175.964;321.80791;23376.28166;2812;173.2210006;5.3371;9131.025826;3722.27063;13219.05907;7172.732871;828.3578603;2263.929351;523.511679;3615.79889
1.03.2019;24843.57531;;259.045;264.05163;24838.56868;2662;166.4112685;5.5555;8577.60871;4443.47935;13426.61237;9627.606676;902.5335811;2164.734501;791.3289925;3858.597075
1.04.2019;23808.35765;;120.35713;293.30274;23635.41204;2575;172.4824116;5.9656;7120.358366;3283.170903;10806.14384;9140.014901;855.7129207;2000.286395;768.6911812;3624.690497
1.05.2019;25013.34436;;136.68344;327.35996;24822.66784;2454;176.2462874;5.8382;6960.367957;3135.363913;10529.0285;9023.442992;841.9019116;1543.972133;971.7478313;3357.621876
1.06.2019;24258.08589;;154.74377;155.83916;24256.9905;2308;177.6490521;5.7921;7693.73672;3182.621125;11279.57634;6583.437879;789.4474714;1279.603452;959.9217235;3028.972647
1.07.2019;28789.66383;;164.11007;180.68879;28773.08511;2233;206.9921892;5.5864;10793.97904;6205.880922;17405.54554;6741.424575;743.4059428;2662.528702;1084.370651;4490.305296
1.08.2019;27713.4725;;193.11766;175.86547;27730.72469;2285;198.3228426;5.8306;10550.9503;5422.443301;16383.52616;7025.878574;748.3672904;2475.675434;1042.027022;4266.069747
1.09.2019;25418.70575;;129.09748;168.03277;25379.77046;2330;204.7020067;5.6489;10523.02086;5155.164286;16082.74774;5558.598554;752.4906255;2108.088244;954.1587576;3814.737627
1.10.2019;24248.6455;;126.96548;260.17671;24115.43427;2633;210.3855633;5.713;10793.91619;5037.167313;16252.03923;4463.919438;831.9813197;1138.513502;817.7213557;2788.216177
1.11.2019;23996.96026;;309.33981;200.41202;24105.88805;2281;209.1408949;5.747;10551.73318;5665.723325;16669.39683;3316.30536;885.0165937;2338.390525;620.9314899;3844.338609
1.12.2019;26226.02281;83154997;299.486;189.18052;26336.32829;2189;202.0428521;5.9489;11084.73568;6464.115071;17993.91882;3960.478909;944.0681899;2452.262138;394.4729899;3790.803318
1.01.2020;27131.87356;;127.06215;227.428102;27031.50761;1841;178.9619706;5.9822;9793.554001;7567.999692;17832.61901;5480.528118;904.4128997;514.0755446;2400.23799;3818.726434
1.02.2020;25010.18975;;283.867992;184.322858;25109.73488;1684;171.4941132;6.2427;8788.576843;4960.185074;14190.24104;7172.732871;828.3578603;554.9286242;2263.929351;3647.215836
1.03.2020;24754.09819;;307.789375;190.575306;24871.31226;1640;161.8593503;6.6143;8165.749968;2582.473784;11241.35305;9627.606676;902.5335811;817.8703852;2164.734501;3885.138468
1.04.2020;20363.26051;;163.566229;163.183652;20363.64309;1949;148.5131391;6.9864;5310.016776;1584.109574;7384.928119;9140.014901;855.7129207;982.3181731;2000.286395;3838.317489
1.05.2020;20937.84745;;210.579172;120.680002;21027.74662;1849;152.1322241;6.8202;6119.710061;1800.669769;8414.600718;9023.442992;841.9019116;1113.929697;1543.972133;3499.803741
1.06.2020;23537.42528;;344.00624;56.341372;23825.09014;1751;151.4151324;6.8525;9547.640286;3724.198003;13747.37008;6583.437879;789.4474714;1137.566389;1279.603452;3206.617312
1.07.2020;28650.84672;;171.980284;139.648492;28683.17852;1799;202.9853079;6.9719;9993.593503;6728.291014;17239.53618;6741.424575;743.4059428;1263.95133;2662.528702;4669.885975
1.08.2020;29343.54153;;106.35372;153.052668;29296.84258;2630;192.5275853;7.3506;9798.901424;7540.051337;17850.98935;7025.878574;748.3672904;1242.630879;2475.675434;4466.673604
1.09.2020;27742.98933;;52.933243;217.648443;27578.27413;2527;183.3460645;7.7187;9422.186798;8314.797745;18254.91431;5558.598554;752.4906255;1068.897604;2108.088244;3929.476473
1.10.2020;25675.03702;;55.777162;320.215405;25410.59878;3354;182.688971;8.3468;9285.056087;8468.830909;18299.89129;4463.919438;831.9813197;940.7314709;1138.513502;2911.226293
1.11.2020;25931.66455;;30.64366;372.279671;25590.02854;2882;194.6872354;7.8324;9603.34724;8520.996383;18663.30712;3316.30536;885.0165937;728.6449434;2338.390525;3952.052062
1.12.2020;27624.31856;83614362;34.96141;338.266771;27321.0132;2539;205.0380937;7.437;9983.671098;9138.729822;19682.87458;3960.478909;944.0681899;584.6347386;2452.262138;3980.965067
1.01.2021;27290.74599;;66.34250508;163.3968068;27193.69169;2564;190.8339797;7.3149;9358.11507;8558.408373;18522.42501;4326.248955;956.2256227;2919.143999;566.7024034;4442.072025
1.02.2021;24645.91315;;84.10866493;223.4352476;24506.58656;2771;187.9966437;7.4253;8922.402493;6842.301972;16339.70262;4029.096038;872.9958598;2510.56571;893.5529172;4277.114487
1.03.2021;28213.90679;;91.713547;368.3265634;27937.29377;2608;169.2263791;8.2489;8466.524732;8392.297482;17499.03156;6206.36539;986.2951046;2521.585264;1000.629471;4508.50984
1.04.2021;26395.89327;;89.19280056;302.1228467;26182.96323;2931;192.1874222;8.2884;7274.556097;5872.716776;13776.57272;8074.581381;923.9707797;2475.432637;1145.335756;4544.739173
1.05.2021;25499.44844;;213.238035;333.0062101;25379.68026;3055;187.63266;8.4896;7323.262219;7158.387359;15137.40492;5818.694637;900.7225125;2105.285645;1537.340728;4543.348885
1.06.2021;27228.89682;;222.5699;323.6010156;27127.8657;3650;182.9120569;8.7087;8009.427717;10104.70554;18768.22187;4579.11385;846.4926247;1552.672092;1482.396379;3881.561095
1.07.2021;31266.06477;;115.380561;458.4471871;30922.99815;3914;228.4399601;8.454;8813.186927;11223.57356;20714.39764;5065.211216;801.3683843;3052.176707;1632.910821;5486.455913
1.08.2021;33023.95857;;198.005709;438.143784;32783.8205;4377;232.219641;8.3164;9700.147202;12779.98203;23185.66268;4841.874898;795.1727846;2635.372543;1565.875662;4996.42099
1.09.2021;28148.4608;;226.026012;472.7558052;27901.731;5867;217.2070612;8.8912;8434.669938;11020.53065;20157.52502;2881.386215;831.3131216;2890.138478;1388.097959;5109.549559
1.10.2021;26713.24372;;363.37998;416.099975;26660.52373;5426;242.3709255;9.608;6840.684015;11008.52108;18582.86079;3289.31384;939.9134183;2646.790888;1254.364791;4841.069097
1.11.2021;27040.89459;;297.197325;355.5387465;26982.55317;4567;172.7752854;13.4782;9810.033865;8938.606876;19491.47951;3125.130102;939.4638888;2633.725294;851.0957957;4424.284978
1.12.2021;29255.68502;84680273;367.298051;331.5097241;29291.47334;3730;174.8128797;13.3211;10429.06906;9280.723296;20448.18006;3689.792853;999.2934264;3493.860561;624.5581129;5117.7121
1.01.2022;28704.96784;;471.68761;425.31665;28751.3388;4874;188.5672334;13.3209;10566.51456;7332.75466;19228.40547;4738.164183;;;;4738.398194
1.02.2022;25796.71748;;419.13361;382.47134;25833.37975;4402;181.3818913;13.8486;9310.0311;5815.770164;16319.25784;5073.058818;;;;4404.40082
1.03.2022;28694.41154;;298.70953;330.99687;28662.1242;5642;171.1804809;14.6739;8502.546875;5294.203853;15279.87721;8103.355337;;;;5311.178996
1.04.2022;26079.723;;370.53317;341.73877;26108.5174;7244;230.8328417;14.8517;6833.557405;4193.885567;12371.60664;8737.493458;;;;4970.622899
1.05.2022;25487.34802;;430.69858;364.55676;25553.48984;8145;208.9956482;16.4035;6710.139706;4448.587272;12129.55582;8729.43571;;;;4628.356484
1.06.2022;27238.82789;;516.13579;286.42838;27468.5353;5424;205.2850369;16.7;8444.249837;5593.889627;14881.29315;6998.77009;;;;5358.764648
1.07.2022;28893.76881;;534.59935;257.06309;29171.30507;7926;238.1110554;17.9148;9488.182166;5888.491629;16237.52912;5649.556158;;;;7006.683537
1.08.2022;31644.839;;566.07094;239.88373;31971.02621;9127;234.4081118;18.1978;10213.70599;9799.887116;20845.75396;5439.352566;;;;5359.732478
1.09.2022;27259.62975;;640.96612;291.66486;27608.93101;7065;230.5491145;18.5024;10011.06635;7567.065249;18378.83358;3956.882966;;;;4923.913202
1.10.2022;25046.65744;;700.63567;287.23914;25460.05397;6355;257.8936909;18.6151;10541.65787;5007.744687;16355.17806;3307.943436;;;;5383.535949
1.11.2022;24619.28256;;741.27826;241.60619;25118.95463;6930;257.9352596;18.6121;10896.79434;4877.715014;16614.9077;3168.248753;;;;4836.126108
1.12.2022;26548.63329;85279553;723.62493;261.14899;27011.10923;4475;256.853313;18.6905;11297.35586;6716.150411;18893.9747;3293.182284;;;;4361.476314
1.01.2023;27034.3;;903.2;240.2;27697.3;2684;;18.8115;11309.9;7262.3;19457.1;2966.5;;;;4610.7
1.02.2023;24586.1;;569.1;222.1;24933.1;2747;;18.8875;9202.4;7392;17321;2422.8;;;;4842.2
1.03.2023;26459.4;;559.9;164;26855.2;2216;;19.1793;9403.8;5535.9;15775.8;5377.3;;;;5306.3
;;;;;;;;;;;;;;;;
