date,turkey_total_generation_in_gwh,population,imports_in_gwh,exports_in_gwh,gross_demand_in_gwh,natural_gas_price_usd_Mmbtu,pib_m_dollar,ratio_dollar_tl,coal_elect_prod_gwh,ng_elect_prod_gwh,thermique_elect_prod_gwh,hidro_elect_prod_gwh,geothermal_elect_prod_gwh,wind_elect_prod_gwh,solar_elect_prod_gwh,geothermal_solar_wind_elect_prod_gwh,roll_mean,roll_std
2002-01-01,11704.1,,300.8,40.9,11964.0,2138,53.31720167037473,1.307,,,,,,0.0,0.0,,,
2002-02-01,9613.9,,370.4,33.3,9951.0,2357,49.90016654721072,1.3965,,,,,,0.0,0.0,,,
2002-03-01,10882.3,,371.2,38.6,11214.9,3283,51.714718058018384,1.3475,,,,,,0.0,0.0,,,
2002-04-01,10307.2,,337.7,38.8,10606.100000000002,3795,62.78757122849831,1.341,,,,,,0.0,0.0,,,
2002-05-01,10136.6,,287.4,38.0,10386.0,3217,58.49123516319293,1.4395,,,,,,0.0,0.0,,,
2002-06-01,10216.9,,248.2,30.0,10435.1,3245,53.2057712590308,1.5825,,,,,,0.0,0.0,,,
2002-07-01,11500.2,,261.4,33.1,11728.5,2954,60.58823405399812,1.69,,,,,,0.0,0.0,,,
2002-08-01,11386.7,,291.8,31.7,11646.8,3296,62.81847579831707,1.63,,,,,,0.0,0.0,,,
2002-09-01,10255.4,,282.7,32.6,10505.5,4138,61.86955622432437,1.655,,,,,,0.0,0.0,,,
2002-10-01,10517.6,,287.6,35.0,10770.2,4156,63.10782139188064,1.677,,,,,,0.0,0.0,,,
2002-11-01,10991.7,,271.4,40.8,11222.300000000001,4200,68.78896098419487,1.5385,,,,,,0.0,0.0,,,
2002-12-01,11886.9,,277.6,42.3,12122.2,4789,63.75410630974929,1.66,,,,,,0.0,0.0,,11046.050000000001,704.327397399301
2003-01-01,12111.6,,314.7,40.2,12386.1,5605,58.885573594293604,1.65,,,,,,0.0,0.0,,11081.225,762.4781572132235
2003-02-01,10662.5,,233.5,36.8,10859.2,8101,60.83982243618313,1.597,,,,,,0.0,0.0,,11156.908333333333,680.7918710901482
2003-03-01,12053.3,,379.7,41.6,12391.4,5060,56.63724653487872,1.7155,,,,,,0.0,0.0,,11254.950000000003,768.9138685657376
2003-04-01,10872.6,,206.6,33.8,11045.400000000001,5385,71.73175038653565,1.5657,,,,,,0.0,0.0,,11291.558333333334,745.3087675689542
2003-05-01,10949.1,,0.0,31.5,10917.6,6251,78.59370299524063,1.429,,,,,,0.0,0.0,,11335.858333333335,701.07682169948
2003-06-01,11112.0,,0.0,26.9,11085.1,5411,79.09183209873159,1.42,,,,,,0.0,0.0,,11390.025,648.2775529677243
2003-07-01,12443.9,,0.0,28.5,12415.4,4718,92.07974293956296,1.4234,,,,,,0.0,0.0,,11447.266666666668,708.4176289235747
2003-08-01,12589.2,,0.0,27.9,12561.300000000001,4731,93.49857761461972,1.4018,,,,,,0.0,0.0,,11523.475,777.6406685083961
2003-09-01,11460.7,,0.0,46.4,11414.300000000001,4830,94.30587573764133,1.3898,,,,,,0.0,0.0,,11599.208333333334,710.8762025689084
2003-10-01,11659.6,,0.0,80.7,11578.9,4893,88.67816706841299,1.4844,,,,,,0.0,0.0,,11666.6,661.7780938158576
2003-11-01,11541.3,,0.0,101.9,11439.4,4925,89.94456521786965,1.4635,,,,,,0.0,0.0,,11684.691666666666,651.4140108722031
2003-12-01,13124.7,,23.5,91.4,13056.800000000001,6189,93.84990103832328,1.4026,,,,,,0.0,0.0,,11762.574999999999,755.959373758096
2004-01-01,12999.6,,42.3,100.3,12941.6,5397,89.1457557949102,1.341,,,,,,0.0,0.0,,11808.866666666667,812.5057665063471
2004-02-01,11560.0,,36.2,88.3,11507.900000000001,5416,90.08625359530866,1.327,,,,,,0.0,0.0,,11862.925000000001,763.691295467438
2004-03-01,12598.8,,37.1,96.5,12539.4,5933,91.012149616273,1.3135,,,,,,0.0,0.0,,11875.258333333333,774.1256422081941
2004-04-01,11842.5,,32.6,92.8,11782.300000000001,5862,97.83753946759062,1.4206,,,,,,0.0,0.0,,11936.666666666666,730.2988309070812
2004-05-01,11885.4,,26.7,89.9,11822.2,6442,93.3118553660015,1.4895,,,,,,0.0,0.0,,12012.050000000001,658.7256422959332
2004-06-01,11982.8,,27.6,84.6,11925.8,6155,93.56311583147709,1.4855,,,,,,0.0,0.0,,12082.108333333332,592.5613822570898
2004-07-01,13286.2,,45.7,89.1,13242.800000000001,6112,109.92843077302739,1.468,,,,,,0.0,0.0,,12151.058333333334,676.9914387243535
2004-08-01,13353.2,,47.7,96.3,13304.600000000002,5074,107.44003753315859,1.502,,,,,,0.0,0.0,,12213.0,748.198466621361
2004-09-01,12561.1,,47.0,83.0,12525.1,6795,107.29716514282194,1.504,,,,,,0.0,0.0,,12305.566666666668,708.0364696993042
2004-10-01,12378.4,,33.2,85.4,12326.2,8725,110.73421362784589,1.4715,,,,,,0.0,0.0,,12367.841666666667,670.1638367638709
2004-11-01,12211.6,,41.5,102.8,12150.300000000001,7620,113.82842846900121,1.4315,,,,,,0.0,0.0,,12427.083333333336,609.2857813319996
2004-12-01,14038.7,,45.9,135.3,13949.300000000001,6149,120.83455346931792,1.3485,,,,,,0.0,0.0,,12501.458333333334,734.7072149791622
2005-01-01,13300.3,,50.0,137.9,13212.4,6321,106.7677573007641,1.3355,,,,,,0.0,0.0,,12524.025,753.3768779484045
2005-02-01,12609.9,,44.6,130.6,12523.9,6730,111.1366639712942,1.283,,,,,,0.0,0.0,,12608.691666666666,682.5628568568752
2005-03-01,13574.2,,45.2,153.7,13465.7,7653,105.42575961195597,1.3525,,,,,,0.0,0.0,,12685.883333333333,725.0687676895217
2005-04-01,12635.8,,38.7,140.6,12533.9,6585,117.50692646215154,1.3915,,,,,,0.0,0.0,,12748.516666666665,670.3142259531462
2005-05-01,12861.5,,41.3,142.9,12759.9,6379,119.83209100189364,1.3645,,,,,,0.0,0.0,,12826.658333333335,603.8758413303506
2005-06-01,12720.4,,37.4,154.9,12602.9,6981,122.89431655173534,1.3305,,,,,,0.0,0.0,,12883.083333333336,540.3402157788123
2005-07-01,14313.7,,88.9,148.2,14254.4,7885,140.77856033448262,1.3259,,,,,,0.0,0.0,,12967.383333333333,665.8882295418947
2005-08-01,14757.3,,94.9,158.2,14693.999999999998,11472,138.77940010965835,1.345,,,,,,0.0,0.0,,13083.166666666666,830.339423842981
2005-09-01,13378.2,,52.6,147.4,13283.400000000001,13921,138.62479996100294,1.3465,,,,,,0.0,0.0,,13146.358333333332,812.6743666979377
2005-10-01,13503.4,,43.8,140.2,13406.999999999998,12205,138.74829901031575,1.3515,,,,,,0.0,0.0,,13236.425000000001,772.4086425826547
2005-11-01,13422.1,,48.1,148.1,13322.1,12587,138.23687881492202,1.3565,,,,,,0.0,0.0,,13334.074999999999,692.5586711279857
2005-12-01,14879.4,,50.4,195.4,14734.4,11225,138.85103747681728,1.3505,,,,,,0.0,0.0,,13399.5,786.6531972396024
2006-01-01,14332.5,,50.0,210.4,14172.1,9316,122.8885998478064,1.3228,,,,,,0.0,0.0,,13479.475,814.203912503729
2006-02-01,13683.0,,42.7,185.4,13540.300000000001,6714,123.71159808118594,1.314,,,,,,0.0,0.0,,13564.174999999997,756.5889446300284
2006-03-01,14616.8,,45.8,191.2,14471.399999999998,7210,120.90519886848519,1.3445,,,,,,0.0,0.0,,13647.983333333332,799.1910100883749
2006-04-01,13397.6,,47.2,167.3,13277.500000000002,6555,147.21077377746326,1.3225,,,,,,0.0,0.0,,13709.949999999999,730.8629264593626
2006-05-01,13996.9,,43.5,164.7,13875.699999999999,6384,123.72815273002551,1.5735,,,,,,0.0,0.0,,13802.933333333334,667.2122496332206
2006-06-01,14473.8,,32.7,170.4,14336.1,6104,123.02448551070782,1.5825,,,,,,0.0,0.0,,13947.366666666667,563.3301056031053
2006-07-01,15588.0,,34.9,170.1,15452.8,8211,146.0327676625252,1.4976,,,,,,0.0,0.0,,14047.233333333332,709.8737869039479
2006-08-01,16389.5,,45.4,167.7,16267.2,6048,149.31294657704495,1.4647,,,,,,0.0,0.0,,14178.333333333334,946.1321782858347
2006-09-01,14491.3,,67.7,163.9,14395.1,5620,144.40321746543265,1.5145,,,,,,0.0,0.0,,14270.975,904.027325738464
2006-10-01,13843.2,,47.7,155.6,13735.300000000001,7534,150.84761719342046,1.4572,,,,,,0.0,0.0,,14298.333333333334,880.1566300002255
2006-11-01,15236.2,,54.0,222.3,15067.900000000001,8844,151.21080537542292,1.4537,,,,,,0.0,0.0,,14443.816666666666,847.812648507746
2006-12-01,16251.0,,61.6,266.7,16045.9,6299,155.29152085782573,1.4155,,,,,,0.0,0.0,,14553.108333333332,965.097520704369
2007-01-01,15873.9,,63.519131,251.74021,15685.678920999999,7667,135.92957849511882,1.4065,,,,,,0.0,0.0,,14679.239910083334,1008.6978175893104
2007-02-01,14669.6,,56.13999,177.78573,14547.95426,7300,135.30428319418584,1.413,,,,,,0.0,0.0,,14763.211098416667,945.2090695521308
2007-03-01,15801.0,,59.601827,237.95334,15622.648487,7730,137.34551160444298,1.392,,,,,,0.0,0.0,,14859.148472333334,970.9720147622994
2007-04-01,14929.3,,61.152624,204.6255,14785.827124,7863,157.07961869748718,1.3645,,,,,,0.0,0.0,,14984.842399333334,835.8354426254688
2007-05-01,15245.8,,107.083912,240.35081,15112.533102,7935,162.68321799827044,1.3175,,,,,,0.0,0.0,,15087.911824499999,759.3931868955044
2007-06-01,15741.2,,69.862655,250.64485,15560.417805000001,6773,163.30296359064477,1.3125,,,,,,0.0,0.0,,15189.938308249999,730.9138847951685
2007-07-01,17585.0,,99.700366,193.13831,17491.562056000002,6191,186.26041038643348,1.2843,,,,,,0.0,0.0,,15359.83514625,988.9656008963174
2007-08-01,17791.1,,102.586549,314.18559,17579.500958999997,5468,183.96850346788938,1.3003,,,,,,0.0,0.0,,15469.193559500001,1156.7460925609792
2007-09-01,15802.6,,60.654596,226.96786,15636.286736,6870,198.1726825112224,1.2071,,,,,,0.0,0.0,,15572.6257875,1106.367569810446
2007-10-01,15142.7,,56.848827,128.393,15071.155827,8330,208.58449383182977,1.1649,,,,,,0.0,0.0,,15683.947106416666,962.5504961553603
2007-11-01,16163.9,,57.356226,117.8437,16103.412526,7302,205.30635983497973,1.1835,,,,,,0.0,0.0,,15770.239816916668,948.6170820733479
2007-12-01,16812.0,,69.823314,78.5875,16803.235814,7483,208.08433404530146,1.1677,,,,,,0.0,0.0,,15833.35113475,992.7882583275534
2008-01-01,17888.5,,65.0,5.2,17948.3,8074,187.65260059749195,1.1715,4992.402,7943.091,14004.764000000001,3828.889,54.851,0.0,0.0,54.851,16021.902891333333,1162.5400961055523
2008-02-01,16523.8,,66.0,85.7,16504.1,9366,180.11882146658075,1.2205,4668.627,8417.088,13703.927,2761.277,58.566,0.0,0.0,58.566,16184.915036333332,1070.5821779154167
2008-03-01,16371.1,,45.3,171.9,16244.500000000002,10101,164.70744107287166,1.3347,4461.552,8282.924,13192.935,3102.15,76.046,0.0,0.0,76.046,16236.735995750001,1055.8404644361792
2008-04-01,15708.2,,68.4,124.3,15652.300000000001,10843,197.32514304918124,1.2747,3914.773,7706.82,12160.617,3480.137,67.426,0.0,0.0,67.426,16308.94206875,974.0568503577445
2008-05-01,16239.1,,124.9,80.0,16284.0,11703,206.35848703321955,1.2189,4516.781,7937.6,13049.32,3135.725,54.093,0.0,0.0,54.093,16406.56431025,899.0662171823951
2008-06-01,16558.6,,47.0,78.5,16527.1,13353,205.54903967050038,1.2237,5222.086,7762.785,13579.675000000001,2908.087,70.846,0.0,0.0,70.846,16487.121159833336,858.7629985066003
2008-07-01,18304.4,,81.3,77.2,18308.5,9119,233.07399331615133,1.1616,5242.182,8757.743,14688.966,3517.825,97.607,0.0,0.0,97.607,16555.199321833334,970.7127885061728
2008-08-01,18442.5,,33.7,84.4,18391.8,7943,228.5679617020189,1.1845,5424.813,8915.981,15016.723,3300.981,124.82199999999999,0.0,0.0,124.82199999999999,16622.890908583333,1071.7037791039643
2008-09-01,16070.8,,66.7,92.4,16045.1,7438,212.09459509286435,1.2765,4834.407,8577.803,14021.009,1964.964,84.86,0.0,0.0,84.86,16656.958680583335,1043.6198400156454
2008-10-01,14974.6,,66.5,124.1,14917.0,6783,169.01333437093152,1.5422,4779.798,8033.115,13405.154,1456.019,113.432,0.0,0.0,113.432,16644.112361666666,1065.6313220555664
2008-11-01,15475.74,,66.1,95.8,15446.04,6510,166.52974972326257,1.5652,4667.853,8153.582,13508.969,1872.631,94.115,0.0,0.0,94.115,16589.331317833334,1111.8486153634885
2008-12-01,15860.64,,58.5,102.7,15816.439999999999,5622,169.19984697620941,1.5405,4990.308,8196.795,13807.234,1941.116,112.27,0.0,0.0,112.27,16507.098333333335,1130.9183504474765
2009-01-01,16891.584,,64.92,105.088,16851.415999999997,4417,129.5427515881681,1.6433,5273.396000000001,7946.692,14294.127000000002,2471.485,15.398,110.574,0.0,125.972,16415.691333333332,1044.899690921018
2009-02-01,15049.78,,56.278,96.029,15010.029,4198,125.21475424083091,1.7001,4477.098,7873.381,12978.549,1937.77,13.257,120.206,0.0,133.463,16291.185416666667,1119.7409939374957
2009-03-01,16027.139,,60.24,103.668,15983.711,3776,128.0852007730666,1.662,4459.487,8130.495,13213.532000000001,2715.1,16.009,82.496,0.0,98.505,16269.453,1123.2546963708355
2009-04-01,14890.347999999998,,60.223,101.468,14849.102999999997,3373,152.00786310130673,1.5983,3933.504,7029.344,11426.503,3358.806,25.446,79.601,0.0,105.047,16202.519916666666,1185.5749693509827
2009-05-01,15352.341000000002,,50.559,105.185,15297.715000000002,3835,158.21448788409649,1.5356,4236.412,6854.446,11446.756,3786.473,34.887,84.225,0.0,119.112,16120.3295,1213.276474735382
2009-06-01,15948.036,,58.379,106.799,15899.616,3835,157.60893129731986,1.5415,4490.177,7810.65,12620.152,3202.802,43.429,81.644,0.0,125.07300000000001,16068.039166666664,1207.6603491311819
2009-07-01,17751.783,,89.741,98.016,17743.508,3653,186.05122746208082,1.4711,5157.7880000000005,8504.357,14045.071,3529.733,44.102,132.867,0.0,176.969,16020.9565,1120.219477004616
2009-08-01,17815.311,,93.937,204.692,17704.556000000004,2977,182.4179956807965,1.5004,5252.045,8732.525,14267.979,3315.097,43.963,188.27,0.0,232.233,15963.686166666666,999.0021441969943
2009-09-01,15500.818,,52.898,174.415,15379.300999999998,4841,184.44636479511226,1.4839,4195.841,8105.069,12556.968,2762.544,47.722,133.584,0.0,181.306,15908.202916666667,1012.4675188328647
2009-10-01,16053.931,,36.88,100.907,15989.904,5045,183.77638715237708,1.5064,4794.031,8144.674,13180.777,2688.705,50.15,134.298,0.0,184.448,15997.611583333333,963.1510866334607
2009-11-01,15811.707999999999,,91.702,124.119,15779.290999999997,4848,181.1547896913629,1.5282,4386.58,7996.223,12639.826000000001,2997.655,49.506,124.721,0.0,174.227,16025.3825,950.5232124912465
2009-12-01,17720.159,,96.194,225.443,17590.91,5572,184.535894951567,1.5002,5028.722,8966.833,14253.206,3192.198,51.869,222.884,0.0,274.753,16173.255,1048.0831950932884
2010-01-01,17501.731,,97.613,177.636,17421.708000000002,5131,161.59410648257017,1.497,4555.62,8238.9,13012.36,4199.0,51.88,238.5,0.0,290.38,16220.779333333334,1093.5717969691298
2010-02-01,15837.69,,95.074,187.748,15745.016000000001,4813,156.40161466632674,1.5467,4093.4,6964.4,11235.34,4352.8,46.14,203.43,0.0,249.57,16282.028250000001,1038.8065376169473
2010-03-01,17119.705,,81.059,121.93,17078.834000000003,3869,159.2327392077459,1.5192,3998.3,7306.6,11518.81,5368.4,46.83,185.7,0.0,232.52999999999997,16373.2885,1058.1404903877196
2010-04-01,16362.722,,58.631,107.617,16313.735999999999,3920,188.3353293325544,1.4897,3218.6,7071.7,10508.529,5596.7,57.2,200.3,0.0,257.5,16495.34125,944.74223746879
2010-05-01,16812.895,,58.406,159.639,16711.662,4341,178.23717686722972,1.5741,3871.08,7372.34,11458.52,5167.0,55.93,131.4,0.0,187.33,16613.170166666667,866.7493627860553
2010-06-01,17311.9,,46.577,215.404,17143.073000000004,4616,176.79950854288631,1.5869,5050.6,7465.85,12723.9,4366.5,56.8,164.73,0.0,221.52999999999997,16716.791583333335,847.8093549041906
2010-07-01,19567.597,,91.577,231.223,19427.951,4923,212.71803695633858,1.5078,5434.8,8963.1,14626.4,4582.14,54.74,304.3,0.0,359.04,16857.16183333333,1126.7967801854982
2010-08-01,20620.807,,78.72,246.395,20453.132,3816,210.08466373404553,1.5267,5757.6,9507.7,15569.02,4709.72,54.4,287.63,0.0,342.03,17086.209833333334,1524.0421597726274
2010-09-01,17139.645,,92.337,137.98,17094.002,3872,221.47234920782168,1.4482,4621.15,8714.8,13544.33,3255.7,56.35,283.24,0.0,339.59000000000003,17229.101583333333,1426.7335827732156
2010-10-01,17291.0,,132.172,105.077,17318.094999999998,4038,226.4191943624242,1.433,4446.94,9055.84,13705.65,3233.14,62.54,289.63,0.0,352.17,17339.784166666668,1372.3423057271184
2010-11-01,16464.48,,142.677,112.301,16494.856,4180,215.60150542983178,1.5049,4725.8,7824.5,12747.68,3394.13,60.88,261.84,0.0,322.71999999999997,17399.414583333335,1312.6189189238132
2010-12-01,19177.547,,168.982,114.634,19231.895,4405,210.42785233890257,1.5419,5272.5,9658.01,15177.03,3570.23,64.55,365.73,0.0,430.28000000000003,17536.163333333334,1415.8057142273742
2011-01-01,19603.106,,163.234,41.967,19724.373,4420,182.5186749602335,1.6045,6014.78,9906.6,16099.079999999998,3164.7,65.1,274.25,0.0,339.35,17728.052083333332,1548.6906504373908
2011-02-01,17649.922,,361.324,220.941,17790.305,4037,183.19230199780728,1.5986,5265.379999999999,8819.35,14209.08,3079.12,57.0,304.65,0.0,361.65,17898.492833333334,1417.607227465252
2011-03-01,19157.475,,317.791,197.149,19278.117,4389,189.498650170632,1.5454,5541.48,8717.2,14366.53,4412.0,64.5,314.5,0.0,379.0,18081.76641666667,1443.926607521507
2011-04-01,17797.292,,329.763,203.737,17923.318,4698,222.72385828178056,1.5211,4270.78,7442.1,11806.53,5568.66,58.7,363.4,0.0,422.09999999999997,18215.898250000002,1335.441455403747
2011-05-01,17579.678,,325.92,219.252,17686.345999999998,4666,212.55113923860745,1.5939,4615.24,6484.9,11186.039999999999,6048.2,53.3,292.2,0.0,345.5,18297.121916666667,1263.3280064346773
2011-06-01,18048.739,,252.938,298.916,18002.761,4374,209.0492785588155,1.6206,5438.139999999999,6619.3,12127.44,5539.3,54.1,327.9,0.0,382.0,18368.762583333333,1215.401355184235
2011-07-01,20947.728,,531.063,408.749,21070.041999999998,4145,227.7674199256842,1.6887,6286.9400000000005,9081.0,15458.94,5074.1,56.0,358.7,0.0,414.7,18505.6035,1420.6122285587282
2011-08-01,20491.721,,561.955,380.167,20673.509000000002,4054,224.11772638882587,1.7162,5853.94,9449.7,15417.280000000002,4387.3,58.6,628.54,0.0,687.14,18523.96825,1449.21389265616
2011-09-01,18897.689,,446.076,357.661,18986.104,3666,206.80189366552122,1.8599,5481.54,9108.6,14701.740000000002,3645.9,56.0,494.04,0.0,550.04,18681.643416666666,1380.805379296398
2011-10-01,18900.534,,425.768,391.516,18934.786,3934,219.45810167912447,1.771,5244.2,9389.0,14775.1,3627.1,50.0,448.3,0.0,498.3,18816.367666666665,1312.8687482303221
2011-11-01,19188.165,,410.291,451.841,19146.615,3550,212.46394690522573,1.8293,5436.6,8975.94,14544.890000000001,4095.24,57.4,490.62,0.0,548.02,19037.347583333332,1091.01825877325
2011-12-01,21133.078,,429.677,472.729,21090.026,2989,206.18583452187238,1.885,6768.84,10053.94,16945.670000000002,3697.0,63.64,426.76,0.0,490.4,19192.191833333334,1242.4846197900692
2012-01-01,21483.904,,388.297,466.073,21406.127999999997,2503,188.90328544638834,1.7773,6723.1,9307.1,16367.2,4582.2,76.54,457.94,0.0,534.48,19332.338083333332,1393.623570990222
2012-02-01,19913.341,,388.721,307.296,19994.766000000003,2616,191.94889327303525,1.7491,6095.9,7145.2,13872.399999999998,5588.1,72.14,380.7,0.0,452.84,19516.043166666666,1314.9499560747133
2012-03-01,20726.703,,415.435,384.256,20757.882,2126,188.3522071382137,1.7825,5854.5,8284.9,14289.6,5950.0,78.0,409.1,0.0,487.1,19639.356916666668,1359.2480111079844
2012-04-01,18182.462,,310.674,238.301,18254.835,2285,219.20507759331898,1.7565,3555.14,6470.3,10120.82,7538.2,71.52,451.94,0.0,523.46,19666.983333333334,1324.114093551297
2012-05-01,18721.461,,395.589,163.391,18953.659,2422,206.33069974420704,1.8661,4857.9,6904.25,11878.099999999999,6481.64,64.81,296.94,0.0,361.75,19772.59275,1196.1349358291307
2012-06-01,19900.951,,426.532,226.892,20100.591,2824,212.7610757543597,1.8097,5678.1,8495.5,14283.680000000002,5020.31,63.2,533.8,0.0,597.0,19947.411916666668,1059.4451450086895
2012-07-01,22625.296,,597.066,342.411,22879.950999999997,3209,238.28598029369752,1.7951,6548.2,10344.7,17089.4,4809.64,64.67,661.54,0.0,726.2099999999999,20098.237666666668,1328.4704279400405
2012-08-01,21278.648,,522.352,261.687,21539.313,2799,235.20684220016298,1.8186,6169.6,9724.0,16117.960000000001,4414.2,64.4,682.05,0.0,746.4499999999999,20170.388,1384.8683370043293
2012-09-01,19543.58,,534.976,215.549,19863.007,3320,238.11353998286373,1.7964,5710.3,10066.5,15902.51,3088.2,64.8,488.04,0.0,552.84,20243.46325,1339.0749181214887
2012-10-01,17826.328,,509.395,118.276,18217.447,3692,241.3919266448465,1.7936,5339.46,8876.4,14340.130000000001,3012.4,78.88,394.85,0.0,473.73,20183.685,1416.5759752523147
2012-11-01,18740.204,,596.42,92.907,19243.717,3561,242.24280178492512,1.7873,5577.0,9199.2,14897.540000000003,3165.85,95.78,581.1,0.0,676.88,20191.776833333333,1410.3772014221838
2012-12-01,20553.895,,741.21,136.538,21158.567,3351,242.73171476716752,1.7837,5903.93,9681.1,15712.33,4214.23,104.6,522.78,0.0,627.38,20197.488583333336,1414.4784623539592
2013-01-01,20784.343,,716.193,101.128,21399.408,3339,220.96813649854428,1.7589,5785.74,9057.6,15028.38,5028.7,105.26,622.0,0.0,727.26,20196.928583333334,1413.9576889174143
2013-02-01,18319.101,,627.824,72.998,18873.927,3486,216.10278303435615,1.7985,4926.639999999999,7434.3,12492.279999999999,5228.7,95.6,502.5,0.0,598.1,20103.525333333335,1464.6381272150206
2013-03-01,19883.53,,574.699,11.573,20446.656,4024,214.84845510629606,1.809,5113.35,7635.3,12893.600000000002,6252.3,103.4,634.2,0.0,737.6,20077.58983333333,1454.7195132922027
2013-04-01,18606.775,,507.125,3.516,19110.384000000002,4343,248.0945223268555,1.793,3867.6,7522.9,11548.24,6463.8,90.0,504.8,0.0,594.8,20148.885583333333,1376.106246554234
2013-05-01,19127.689,,455.393,1.51,19581.572,3984,237.16862792282572,1.8756,4902.1,8116.6,13172.1,5438.65,97.0,419.95,0.0,516.95,20201.211666666666,1337.9351223646215
2013-06-01,19699.236,,449.823,51.597,20097.462,3565,230.62706269807754,1.9288,5435.200000000001,9084.8,14709.14,4373.3,86.9,529.9,0.0,616.8,20200.950916666665,1337.9568197649671
2013-07-01,22218.289,,584.261,110.713,22691.837,3446,255.66197121986983,1.9353,5827.34,10065.44,16143.920000000002,4906.8,86.74,1080.8,0.0,1167.54,20185.27475,1304.3959275653149
2013-08-01,21291.4,,625.726,149.983,21767.143,3581,242.50483404490225,2.0403,5512.3,9316.5,15036.24,5156.7,92.34,1006.1,0.0,1098.44,20204.260583333333,1327.3520506435991
2013-09-01,19948.78,,582.386,111.294,20419.871999999996,3560,245.11176701764293,2.0186,5450.139999999999,9827.54,15490.02,3867.2,124.6,467.0,0.0,591.6,20250.665999999997,1324.0671107796663
2013-10-01,18621.218,,701.315,201.909,19120.624,3581,248.07132684674647,1.996,5341.64,8633.8,14190.58,3719.06,152.8,558.8,0.0,711.5999999999999,20325.93075,1219.527810299202
2013-11-01,19690.04,,758.211,190.03,20258.221,3954,245.14821684627486,2.0198,5395.2,9961.0,15587.480000000001,3375.0,154.8,572.75,0.0,727.55,20410.47275,1171.9198969450579
2013-12-01,21963.549,,846.45,220.476,22589.523,4230,230.75327075501258,2.1458,6228.76,8460.54,15520.48,5610.3,174.1,658.65,0.0,832.75,20529.719083333333,1318.5852412337313
2014-01-01,21558.2,,760.7,279.8,22039.100000000002,4943,200.84765250925528,2.2607,6483.25,10561.64,17273.94,3523.1,189.8,570.42,0.9,761.1199999999999,20583.02675,1368.911607290224
2014-02-01,19351.2,,606.6,208.5,19749.3,4609,205.52043091824262,2.2093,5753.5,8660.3,14940.15,3677.6,173.7,559.2,0.5,733.4000000000001,20655.9745,1290.6422193398607
2014-03-01,20630.9,,637.2,225.6,21042.500000000004,4371,212.10645491085785,2.1407,6108.7,9472.3,15843.299999999997,3824.04,200.24,762.7,0.6,963.5400000000001,20705.628166666665,1293.3161256705541
2014-04-01,19853.6,,635.9,171.5,20318.0,4815,232.0209965658796,2.1125,5540.4,9451.5,15271.2,3892.84,188.6,499.9,1.1,689.6,20806.26283333333,1201.637376128637
2014-05-01,20214.6,,620.7,194.5,20640.8,4542,233.7248367962523,2.0971,6296.3,9649.14,16217.84,3196.65,171.05,627.7,1.32,800.0700000000002,20894.531833333334,1140.863689429058
2014-06-01,20332.1,,510.3,120.8,20721.6,4461,231.29836026870873,2.1191,6240.38,9555.8,15997.88,3529.5,183.26,619.9,1.6,804.76,20946.543333333335,1115.1596821090661
2014-07-01,22820.9,,747.9,191.4,23377.4,3841,257.4227635025064,2.1418,6610.48,10791.76,17682.38,4068.64,183.14,884.84,1.94,1069.92,21003.673583333333,1224.865114948945
2014-08-01,23935.1,,588.6,215.4,24308.299999999996,4065,254.79369419551193,2.1639,7192.0,11319.5,18824.8,4033.9,179.6,894.9,1.9,1076.3999999999999,21215.436666666665,1546.3384026320086
2014-09-01,21308.5,,533.2,195.5,21646.2,4121,242.0103919189133,2.2782,6228.8,10970.7,17422.5,2989.74,188.7,705.6,2.0,896.3,21317.630666666668,1529.4115789730042
2014-10-01,19227.6,,645.3,291.4,19581.499999999996,3873,251.50589456378069,2.224,5978.3,9169.2,15367.800000000001,2795.35,199.75,863.0,1.74,1064.49,21356.037,1474.008400060715
2014-11-01,20756.8,,795.6,263.6,21288.8,4088,252.00446454759788,2.2196,6494.5,10340.24,17241.14,2550.6,246.3,717.0,1.8,965.0999999999999,21441.918583333332,1433.7021843017592
2014-12-01,21973.2,,871.5,338.0,22506.7,2889,239.60124630963728,2.3345,7336.08,10633.95,18333.62,2562.74,259.84,814.94,2.02,1076.8,21435.016666666666,1427.862783599376
2015-01-01,22333.5,,791.6228431000001,343.55309,22781.5697531,2691,204.57513514062313,2.4464,6838.639999999999,8723.85,16196.39,4859.4,264.9,1010.34,2.5,1277.74,21496.889146091667,1471.8282852264642
2015-02-01,20094.85,,629.1379215,227.771539,20496.2163825,2734,199.48685052934485,2.5088,6237.34,7843.74,14999.48,3804.6,234.1,1053.2,3.5,1290.8,21559.132177966665,1405.5038349021875
2015-03-01,21318.3,,671.9177976,290.200349,21700.0174486,2640,192.6524792547619,2.5978,6401.9,7925.05,14610.0,5635.71,268.81,798.0,5.74,1072.55,21613.925298683334,1396.318658225938
2015-04-01,20432.0,,415.1109726,282.221605,20564.8893676,2751,211.85444529822036,2.6723,4266.7,6889.1,11408.3,7883.8,264.1,867.6,8.2,1139.9,21634.49941265,1377.1755755022323
2015-05-01,21128.15,,428.5652053,181.614187,21375.101018300003,2642,212.59430498326483,2.663,5842.4,6931.7,13009.8,7111.9,259.6,734.5,12.4,1006.5,21695.691164175,1344.9452189652725
2015-06-01,20766.5,,551.2203096000001,224.478935,21093.241374600002,2832,211.1197173964925,2.6816,5914.700000000001,7119.2,13217.5,6351.94,245.44,936.8,14.8,1197.04,21726.661278725,1324.6006753009572
2015-07-01,23388.04,,650.5990536,282.560297,23756.0787566,2716,228.98062697299758,2.771,6823.7,8134.400000000001,15138.900000000001,6697.15,256.45,1272.8,22.7,1551.95,21758.217841775,1371.1933625533775
2015-08-01,24815.6,,599.8825074,272.513463,25142.9690444,2689,217.6839979903171,2.9148,6921.6,10069.35,17184.5,6178.4,261.1,1166.45,25.15,1452.7000000000003,21827.773595475,1524.8680797819102
2015-09-01,21547.1,,527.1013561,279.660847,21794.5405091,2524,209.70529706916625,3.0257,6107.7,9056.64,15362.15,5138.2,257.7,761.1,27.9,1046.7,21840.135304566666,1523.8632422936764
2015-10-01,21053.85,,502.44198229999995,297.681943,21258.610039299998,2321,222.91680599777087,2.9151,6178.88,8660.25,15046.73,4629.2,357.5,995.9,24.6,1378.0,21979.89447450833,1366.684697343002
2015-11-01,21245.05,,592.7852287999999,268.627945,21569.2072838,2235,223.0698503875946,2.9131,6761.6,8332.25,15303.1,4554.64,363.54,998.14,25.63,1387.31,22003.261748158333,1356.1508941133493
2015-12-01,23660.4,,775.121041,243.571362,24191.949679,2337,222.71816196459602,2.9177,7870.4,9533.2,17889.56,4300.9,391.25,1057.64,21.0,1469.89,22143.699221408333,1493.3437253398004
2016-01-01,23443.088086715903,,706.350773724623,188.901007,23960.537853440524,2298,192.1773314450035,2.9553,7714.4,7904.1,16214.6,5542.4,396.8,1268.5,20.8,1686.1,22241.946563103378,1575.639080153354
2016-02-01,20929.19977591549,,591.2664288915861,114.45992,21406.006284807077,1711,191.5227853306194,2.9654,7013.9,7001.0,14255.8,5108.0,380.7,1146.1,38.6,1565.3999999999999,22317.762388295636,1504.2748006079569
2016-03-01,22038.774927398103,,444.60494909102,60.443834,22422.93604248912,1959,201.6122355766485,2.817,6850.4,6380.2,13530.1,6772.7,418.9,1258.2,58.8,1735.9,22378.00560445306,1491.7095494488613
2016-04-01,21330.8377171174,,393.793970057383,107.99268,21616.639007174785,2178,227.3563357985488,2.7955,5884.9,6857.2,13040.1,6998.5,386.8,827.8,77.7,1292.3,22465.65140775096,1403.8025743143733
2016-05-01,21923.77966831914,,395.14198177288,58.94878,22259.97287009202,2288,215.49285845420872,2.9494,7382.2,6149.7,13824.1,6683.6,397.6,935.6,83.0,1416.2,22539.39072873363,1363.9858704807477
2016-06-01,22975.93995384508,,505.122176,69.300136,23411.76199384508,2924,220.86202061536753,2.8777,7361.6,7371.7,15002.4,6388.0,360.8,1124.3,100.5,1585.6,22732.600780337383,1303.37862303479
2016-07-01,24269.893486055797,,647.673994,168.047606,24749.519874055797,2876,224.36960415618407,2.9883,7587.0,7925.5,15785.3,6173.7,380.7,1802.7,127.5,2310.9,22815.387540125364,1402.1076951368511
2016-08-01,26146.37182367881,,665.632926,122.911496,26689.09325367881,2887,226.66791348881844,2.958,8458.9,9552.3,18287.8,5616.1,388.0,1728.0,126.5,2242.5,22944.231224231935,1679.1155094098337
2016-09-01,21264.533219035275,,476.68486,99.335274,21641.882805035275,2906,223.55417714721423,2.9992,8089.8,6891.4,15242.6,4175.9,394.1,1329.4,122.5,1846.0,22931.509748893208,1689.1659713558759
2016-10-01,22127.152915353214,,430.05439,192.47069,22364.736615353217,3026,243.23983231168555,3.0939,8318.2,7866.9,16467.6,4006.1,406.5,1124.7,122.3,1653.5,23023.68696356431,1618.2700400103045
2016-11-01,22892.854989594212,,422.421637,132.75983,23182.516796594213,3352,218.95831166398716,3.437,8374.1,8519.4,17270.7,3738.6,437.4,1345.8,100.3,1883.5,23158.129422963826,1552.1128012160132
2016-12-01,25065.322474080604,,651.58496112625,136.12532,25580.782115206854,3724,213.32871763163644,3.5277,9236.7,6807.8,16877.1,6027.2,470.3,1626.0,64.7,2161.0,23273.8654593144,1682.5121749878235
2017-01-01,25479.29412893061,,340.2583205,233.560562,25585.991887430613,3117,173.43869811188665,3.7734,9076.31777583,7758.844259183472,17564.386575420474,5646.677293831,514.3194781999999,1676.516066285,77.39471519413806,2268.2302596791383,23409.319962146907,1803.873458157401
2017-02-01,22916.21555257425,,179.461926,211.859823,22883.81765557425,2774,179.44000423760502,3.6472,7789.92393341,8199.539989443014,16481.387210533423,4274.2343107264005,448.865343,1579.49528382,132.23340449442688,2160.594031314427,23532.47090971084,1702.2564462623184
2017-03-01,23998.679259623612,,305.597211,247.902117,24056.37435362361,3190,180.03234580088937,3.6352,7684.5440352099995,8287.012416041583,16266.441953286503,5687.452982298202,498.342652,1381.439106685,165.00256535390005,2044.7843240389002,23668.590768972044,1670.4792698557899
2017-04-01,22583.39102641605,,156.56972900000002,308.10423399999996,22431.85652141605,3276,208.43348980873844,3.5516,6057.62077691,7443.265225930809,13771.157253542244,7137.608912103199,455.910934,1008.246226,210.46770077060646,1674.6248607706063,23736.525561825478,1594.2833908736611
2017-05-01,23442.22115275573,,230.38271,331.406744,23341.197118755732,3071,209.88726464551047,3.527,6197.57904718,7564.486325871953,14045.548337549804,7377.181760806002,470.426113,1314.2305201600002,234.8344212399232,2019.4910543999233,23826.62758254746,1532.608918607514
2017-06-01,22913.254572555543,,199.780996,252.798867,22860.236701555543,3035,210.23298375687705,3.5212,7686.3054611200005,7951.33706404275,15913.723365851201,5257.426025439999,453.943723,1009.0752138449999,279.0862444193415,1742.1051812643414,23780.66714152333,1554.2972865239717
2017-07-01,28362.638304104483,,286.144433,264.452295,28384.330442104485,2794,238.65885533361327,3.5193,9353.28346103,11251.801960482775,20895.613101843275,4719.755335544602,431.527656,1991.1187396049997,324.6234711116043,2747.269866716604,24083.568022194053,2038.9010732054692
2017-08-01,28130.390575063255,,212.59017200000002,242.256844,28100.723903063255,3040,243.26240610988074,3.4527,9075.366746650001,10898.015234861396,20269.012073871396,4803.5897429976,491.687672,2233.734281249,332.3668049452598,3057.78875819426,24201.203909642758,2234.2583610799184
2017-09-01,24455.315634428352,,260.45252999999997,243.119892,24472.648272428352,3007,235.68541391688,3.5637,8311.00401622,10103.356624891232,18718.57211525498,3789.241427401299,529.700264,1082.432702812,335.3691249600729,1947.5020917720726,24437.101031925515,2083.8513898023734
2017-10-01,24058.616359730702,,152.08504,324.32556600000004,23886.375833730704,2896,237.095514749284,3.792,8613.67138742,10512.245751143442,19449.25157506869,2361.5800298604004,595.3338,1331.7569461899998,320.69400861161034,2247.7847548016102,24563.90430012364,1990.487786392094
2017-11-01,24729.575887325314,,171.95110400000002,336.446571,24565.080420325314,3025,229.4121438962197,3.919,8841.11078402,11355.780595704042,20508.342975923642,2232.4273528519,611.113226,1123.43889132,254.25344122976514,1988.805558549765,24679.117935434566,1942.7005026450317
2017-12-01,26207.931403229653,,232.994056,307.43989899999997,26133.485560229652,2953,237.22063111590631,3.79,8789.56738967,9164.295472427017,18255.026145457694,4931.287244983799,626.311046,2172.331131765,222.9758350231657,3021.6180127881653,24725.17655585313,1972.3467289117843
2018-01-01,26667.163679132023,,165.22265,255.16238,26577.22394913202,2995,212.07467607974723,3.7555,9869.43439552,9223.71141387321,19415.130073541208,4535.584703001,648.350791,1812.0400539250002,256.0580576648153,2716.448902589815,24807.77922766158,2031.543656361579
2018-02-01,23633.144896549507,,202.277088,206.694678,23628.727306549506,2667,209.65737759752838,3.7988,9320.52011234,7775.696809883379,17393.84825410838,3611.7887009940014,572.203977,1684.638039645,370.6659248021309,2627.507941447131,24869.85503190952,1978.0881573530835
2018-03-01,25179.76504380499,,129.49317,250.18427,25059.07394380499,2733,201.36692101979438,3.9552,8753.48426516,6572.078575860705,15641.636309805705,6272.710261,641.256827,2053.8629757299996,570.2986702692821,3265.4184729992817,24953.413331091302,1961.711438588863
2018-04-01,23771.243465028292,,232.70819,70.07419,23933.877465028294,2763,221.14713927304896,4.0617,7856.8247948,6651.875589045897,14834.594718225897,6352.107508342,613.411247,1167.9172853549999,803.2127061053974,2584.5412384603974,25078.581743058992,1829.670325811563
2018-05-01,24176.750960746464,,288.44171,134.202193,24330.99047774646,2952,198.526541183632,4.5245,8817.931716524397,5926.538472350302,15082.5573342647,6495.626098725001,602.280225,1231.0688356599999,765.2184670967691,2598.567527756769,25161.06452297488,1765.4094290025878
2018-06-01,24264.06291922806,,228.792434,290.450254,24202.40509922806,2924,195.81298735292617,4.5872,9207.90558115,6380.856020897472,15919.926706028471,5670.984762311,564.264642,1258.4076825769998,850.4791263115897,2673.1514508885894,25272.911889447594,1644.7844898455796
2018-07-01,29589.0938038064,,272.785457,305.792872,29556.086388806405,2782,210.9703030674082,4.9142,9695.529860229999,10770.954515564754,20802.31102878975,5850.648238174999,555.956181,1428.4833652630005,951.6949905786498,2936.13453684165,25370.558218339418,1866.1754013341128
2018-08-01,27968.851017089954,,229.62185,280.115934,27918.35693308995,2916,158.57299836859244,6.538,10260.325840409998,7921.8264796055,18520.670696410496,5597.824065072002,581.589147,2354.617312636,914.149795971456,3850.356255607456,25355.360970841644,1842.5135761891022
2018-09-01,25433.575225446144,,203.86515,228.742746,25408.697629446146,3008,171.19390081470564,6.056,9384.369519619999,8954.422342426,18657.097536046,3668.7013095159996,563.421266,1710.0075378200002,834.3475760641485,3107.7763798841484,25433.36508392646,1821.4396517382002
2018-10-01,23966.24338033525,,147.44984,362.109772,23751.583448335252,3261,183.9963610070978,5.5835,10124.786927050001,8198.243745852,18637.088199667,2446.8623351290007,670.19405448,1512.0105139090003,700.0882771502484,2882.2928455392484,25422.132385143505,1832.230783932605
2018-11-01,24150.314820155792,,243.71218,328.62905,24065.39795015579,4612,197.0809702430806,5.2128,9993.87998701,6988.471724586,17324.872656862,3592.0681384790005,689.2466413750001,2059.548296586,484.57908685379573,3233.374024814796,25380.49217929604,1858.9623077322085
2018-12-01,26001.675179351805,82003882.0,132.51764,399.719077,25734.4737423518,2940,194.252591692312,5.2887,9963.63218426,7118.14078592,17453.74591837,5843.519461462001,728.80058332,1676.6042747609997,299.0049414388034,2704.409799519803,25347.241194472892,1847.804246239124
2019-01-01,26058.600996978643,,142.59655,251.9496,25949.24794697864,2814,179.01012727321555,5.1645,9112.69083629,5570.800799423735,15094.90935630539,5480.528118403001,904.41289968,2400.2379898809995,320.94433125325025,3625.59522081425,25294.90986096011,1818.4628270829994
2019-02-01,23522.12556536721,,175.964,321.80791,23376.28165536721,2812,173.22100060004902,5.3371,9131.025826000001,3722.2706297412,13219.059074427929,7172.732871257689,828.35786031,2263.929350959,523.5116790192825,3615.7988902882826,25273.872723361583,1840.8134748500327
2019-03-01,24843.57530922348,,259.045,264.05163,24838.568679223477,2662,166.41126852713919,5.5555,8577.60871,4443.479349523555,13426.612368873302,9627.606676399999,902.5335811299999,2164.73450131,791.328992527177,3858.597074967177,25255.497284646455,1844.249932659303
2019-04-01,23808.35764613896,,120.35713,293.30274,23635.41203613896,2575,172.48241164203824,5.9656,7120.358366,3283.170903377387,10806.143838643467,9140.014900791,855.7129207259999,2000.2863950520002,768.6911812194937,3624.690496997494,25230.625165572346,1865.5832564055838
2019-05-01,25013.344361581654,,136.68344,327.35996,24822.667841581653,2454,176.24628736455475,5.8382,6960.367957,3135.3639130156625,10529.028504799237,9023.442992330001,841.9019115899998,1543.972132612,971.7478313094181,3357.621875511418,25271.59827922528,1849.3574020708963
2019-06-01,24258.085886292036,,154.74377,155.83916,24256.990496292037,2308,177.64905213855826,5.7921,7693.736720000001,3182.6211251598997,11279.576343107063,6583.43787927,789.4474714199999,1279.6034520393234,959.9217235369722,3028.9726469962957,25276.147062313947,1846.5534826324827
2019-07-01,28789.663830655878,,164.11007,180.68879,28773.085110655877,2233,206.9921892226811,5.5864,10793.979036,6205.880921969319,17405.545543393913,6741.4245749,743.4059427999999,2662.528702115,1084.3706512189617,4490.305296133962,25210.896955801403,1688.6509291343575
2019-08-01,27713.472501507575,,193.11765999999997,175.86547,27730.724691507574,2285,198.32284256741772,5.8306,10550.9503,5422.443301304926,16383.526159416755,7025.87857402,748.3672903499998,2475.6754341509995,1042.0270221438197,4266.069746644819,25195.260935669536,1661.9599610273306
2019-09-01,25418.705754870414,,129.09748,168.03277,25379.770464870413,2330,204.70200673999994,5.6489,10523.02086102,5155.164285765231,16082.74773612885,5558.598554343,752.4906255,2108.0882439710003,954.1587575675676,3814.737627038568,25192.850338621556,1661.6431857711248
2019-10-01,24248.64550339907,,126.96548,260.17671,24115.43427339907,2633,210.38556329207114,5.713,10793.91619067,5037.167313332747,16252.039230785158,4463.919438285,831.98131974,1138.513502049,817.7213556609123,2788.2161774499123,25223.171240710206,1636.0757286412247
2019-11-01,23996.96026007088,,309.33981,200.41202,24105.88805007088,2281,209.14089491693096,5.747,10551.73317946,5665.723324653107,16669.39682965963,3316.30535974,885.01659374,2338.390525252,620.9314899262562,3844.338608918256,25226.545415703134,1633.510658991282
2019-12-01,26226.02280758292,83154997.0,299.486,189.18052,26336.32828758292,2189,202.04285213864787,5.9489,11084.735684,6464.115071462436,17993.918820468396,3960.4789087834997,944.06818988,2452.2621384839995,394.4729898695283,3790.8033182335275,25276.69996113906,1659.5554963464403
2020-01-01,27131.873560042546,,127.06215,227.428102,27031.507608042546,1841,178.96197064023153,5.9822,9793.554000920001,7567.9996916421,17832.6190075281,5480.528118403001,904.41289968,514.0755445504467,2400.2379898809995,3818.726434111446,25366.888266227717,1727.4466396144385
2020-02-01,25010.189748318327,,283.867992,184.322858,25109.73488231833,1684,171.4941132465108,6.2427,8788.57684324,4960.185073906651,14190.241041550653,7172.732871257689,828.35786031,554.928624240989,2263.929350959,3647.215835509989,25511.342701806978,1614.6488218247218
2020-03-01,24754.09819070055,,307.789375,190.575306,24871.31225970055,1640,161.85935031129418,6.6143,8165.749968403,2582.47378443055,11241.353046701548,9627.606676399999,902.5335811299999,817.8703851590001,2164.73450131,3885.1384675990003,25514.071333513402,1613.4357392676459
2020-04-01,20363.26050827644,,163.566229,163.183652,20363.643085276442,1949,148.51313909856208,6.9864,5310.01677576,1584.1095738784368,7384.928118598437,9140.014900791,855.7129207259999,982.3181731089999,2000.2863950520002,3838.3174888870003,25241.423920941525,2147.735271858743
2020-05-01,20937.847451368,,210.579172,120.680002,21027.746621368005,1849,152.1322241280599,6.8202,6119.710061406,1800.66976879,8414.600717596,9023.442992330001,841.9019115899998,1113.9296972399998,1543.972132612,3499.8037414419996,24925.18048592372,2470.18651460841
2020-06-01,23537.425275939804,,344.00624,56.341372,23825.0901439398,1751,151.41513243315495,6.8525,9547.64028632,3724.1980029704796,13747.37008441148,6583.43787927,789.4474714199999,1137.566388799,1279.6034520393234,3206.6173122583236,24889.188789894368,2483.915744043358
2020-07-01,28650.846724733383,,171.980284,139.648492,28683.178516733384,1799,202.9853079142068,6.9719,9993.593503139,6728.29101412638,17239.53617515338,6741.4245749,743.4059427999999,1263.951329765,2662.528702115,4669.88597468,24881.696573734156,2471.2390244547823
2020-08-01,29343.541525335473,,106.35372,153.052668,29296.842577335472,2630,192.52758526474824,7.3506,9798.901423681,7540.051336735469,17850.989347579467,7025.87857402,748.3672903499998,1242.630879235,2475.6754341509995,4466.673603736,25012.20639755315,2668.8336697340014
2020-09-01,27742.98933375,,52.933243,217.648443,27578.27413375,2527,183.34606452473324,7.7187,9422.186798347,8314.797744613,18254.914306366998,5558.598554343,752.4906255,1068.897603569,2108.0882439710003,3929.4764730400007,25195.41503662645,2769.9067943255445
2020-10-01,25675.03702300706,,55.777162,320.215405,25410.598780007058,3354,182.68897096419946,8.3468,9285.05608717,8468.830908550999,18299.8912919898,4463.919438285,831.98131974,940.7314709432549,1138.513502049,2911.2262927322545,25303.345412177117,2749.1548807957656
2020-11-01,25931.66454686324,,30.643659999999997,372.279671,25590.02853586324,2882,194.68723543792194,7.8324,9603.347239792001,8520.996382578745,18663.307124736748,3316.30535974,885.01659374,728.6449433944999,2338.390525252,3952.0520623864995,25427.023785993148,2723.6523797380746
2020-12-01,27624.318556082802,83614362.0,34.96141000000001,338.266771,27321.013195082804,2539,205.03809369960734,7.437,9983.671098490999,9138.729821865301,19682.874580336298,3960.4789087834997,944.06818988,584.634738599,2452.2621384839995,3980.9650669629996,25509.080861618135,2768.009885416408
2021-01-01,27290.745992905715,,66.3425050802,163.3968068037,27193.691691182215,2564,190.8339797495465,7.3149,9358.11507009,8558.408373229506,18522.425013121505,4326.248955079,956.22562266,2919.143998636999,566.7024034082101,4442.0720247052095,25522.596201879773,2776.502123489848
2021-02-01,24645.91314616098,,84.10866493430001,223.43524762975002,24506.58656346553,2771,187.9966437005855,7.4253,8922.40249275,6842.301971935515,16339.702621181015,4029.0960383980005,872.995859759,2510.5657096120003,893.55291721097,4277.114486581971,25472.333841975375,2790.0816201398243
2021-03-01,28213.90679017117,,91.713547,368.32656339,27937.29377378117,2608,169.226379089328,8.2489,8466.52473238,8392.297482377155,17499.031560158153,6206.365389956999,986.29510457,2521.585264145,1000.62947134102,4508.50984005602,25727.832301482093,2869.2976157745857
2021-04-01,26395.893272399928,,89.192800562,302.12284669999997,26182.963226261927,2931,192.1874221742507,8.2884,7274.5560973,5872.716776196779,13776.57271882078,8074.581380563999,923.9707796900001,2475.432636853,1145.3357564721503,4544.73917301515,26212.775646564216,2319.3285572836808
2021-05-01,25499.448439550957,,213.238035,333.0062101175,25379.680264433457,3055,187.63265995442185,8.4896,7323.26221903,7158.387358738811,15137.40491670281,5818.694637432851,900.72251251,2105.2856447629997,1537.3407281422951,4543.348885415295,26575.436783486337,1689.630923758857
2021-06-01,27228.896817791054,,222.56989998905001,323.601015594,27127.865702186104,3650,182.91205690275928,8.7087,8009.42771712,10104.705544694581,18768.22187242438,4579.113850269723,846.4926246869999,1552.6720917110001,1482.3963786989498,3881.56109509695,26850.66808000686,1453.369849609168
2021-07-01,31266.064772326055,,115.380561,458.44718714849995,30922.998146177557,3914,228.439960114626,8.454,8813.186927300001,11223.573564072758,20714.39764356926,5065.211216212043,801.368384282,3052.1767069780003,1632.910821284749,5486.4559125447495,27037.31971579388,1810.1440120183631
2021-08-01,33023.95857161415,,198.005709,438.1437839655,32783.82049664865,4377,232.2196410476947,8.3164,9700.14720188,12779.98202880379,23185.66268413279,4841.874897666509,795.1727846050001,2635.3725430450004,1565.8756621648583,4996.420989814858,27327.90120906998,2392.154053993747
2021-09-01,28148.460797364623,,226.026012,472.75580522,27901.73100414462,5867,217.20706123009808,8.8912,8434.66993839,11020.53064703297,20157.52502369397,2881.386215110555,831.3131216160001,2890.1384778230004,1388.0979591211,5109.5495585601,27354.855948269527,2397.049067179831
2021-10-01,26713.24372469633,,363.37998,416.099975,26660.52372969633,5426,242.37092545448567,9.608,6840.68401531,11008.5210804826,18582.8607876496,3289.3138396165323,939.913418313,2646.7908881150006,1254.3647910022,4841.069097430201,27459.016360743637,2331.1342368085766
2021-11-01,27040.89458795747,,297.197325,355.53874647000004,26982.553166487472,4567,172.7752854065601,13.4782,9810.03386463,8938.60687632983,19491.479507310833,3125.13010239017,939.463888795,2633.7252937460003,851.09579571547,4424.28497825647,27575.06007996232,2263.3113930080517
2021-12-01,29255.685015031533,84680273.0,367.298051,331.50972406,29291.473341971534,3730,174.8128796996268,13.3211,10429.06906357,9280.723295553322,20448.18006170732,3689.7928529579794,999.293426384,3493.860561063,624.5581129192301,5117.7121003662305,27739.265092203048,2314.1135807880564
2022-01-01,28704.96784255588,,471.68761,425.31665000000004,28751.33880255588,4874,188.5672333846329,13.3209,10566.51456283244,7332.754659683431,19228.405466197535,4738.164182674068,,,,4738.398193684277,27869.069018150854,2324.392246307785
2022-02-01,25796.71748105976,,419.13361,382.47134,25833.37975105976,4402,181.38189125206566,13.8486,9310.031100283968,5815.77016368218,16319.257842718911,5073.058818423136,,,,4404.400819917715,27979.63511711704,2176.7748588816044
2022-03-01,28694.41153928495,,298.70953,330.99687000000006,28662.12419928495,5642,171.18048093508585,14.6739,8502.546875137485,5294.20385347873,15279.877206010391,8103.355337454231,,,,5311.178995820326,28040.037652575687,2185.532046962358
2022-04-01,26079.722999134963,,370.53317,341.73877000000005,26108.517399134962,7244,230.83284173449067,14.8517,6833.557405391786,4193.88556695133,12371.6066417174,8737.493458116716,,,,4970.622899300844,28033.83383364844,2191.380569982103
2022-05-01,25487.34801655859,,430.69858000000005,364.55676,25553.48983655859,8145,208.99564822069286,16.4035,6710.139705696292,4448.58727223032,12129.555822699132,8729.435709865345,,,,4628.356483994114,28048.31796465887,2172.7379987169825
2022-06-01,27238.827888349344,,516.1357899999999,286.42838,27468.535298349343,5424,205.285036861565,16.7,8444.249837256182,5593.889626676511,14881.293149865169,6998.77009045667,,,,5358.7646480275025,28076.707097672468,2161.816130015309
2022-07-01,28893.76881142502,,534.59935,257.06309,29171.30507142502,7926,238.11105544058657,17.9148,9488.182166104372,5888.491628931305,16237.52911650885,5649.556158209021,,,,7006.683536707148,27930.732674776427,2005.651297200965
2022-08-01,31644.83900446598,,566.0709400000001,239.88372999999999,31971.02621446598,9127,234.4081117501577,18.1978,10213.705994555032,9799.887116182726,20845.753961090406,5439.352565775798,,,,5359.732477599773,27862.999817927874,1833.1658157131856
2022-09-01,27259.629745350336,,640.96612,291.66486,27608.931005350336,7065,230.54911449363433,18.5024,10011.066353724036,7567.065248848908,18378.83357729159,3956.882965820635,,,,4923.9132022381145,27838.599818028346,1834.5515311202184
2022-10-01,25046.657439819985,,700.6356699999999,287.23913999999996,25460.053969819983,6355,257.89369093133524,18.6151,10541.657867206359,5007.74468697384,16355.178055514636,3307.943435647603,,,,5383.535948657748,27738.560671371986,1934.6339948766372
2022-11-01,24619.282558726034,,741.27826,241.60618999999997,25118.954628726035,6930,257.9352596459238,18.6121,10896.79434151919,4877.71501433638,16614.90769776715,3168.2487528198153,,,,4836.126108139069,27583.260793225196,2070.8423292961616
2022-12-01,26548.633294135765,85279553.0,723.6249300000001,261.14898999999997,27011.109234135765,4475,256.85331296947106,18.6905,11297.35586126495,6716.150410952609,18893.974696219422,3293.1822843933396,,,,4361.476313523003,27393.23045090555,2003.367537733785
2023-01-01,27034.3,,903.2,240.2,27697.3,2684,,18.8115,11309.9,7262.3,19457.1,2966.5,,,,4610.7,27305.393884025892,1961.0691251501862
2023-02-01,24586.1,,569.1,222.1,24933.1,2747,,18.8875,9202.4,7392.0,17321.0,2422.8,,,,4842.2,27230.370571437583,2038.2060727544529
2023-03-01,26459.4,,559.9,164.0,26855.2,2216,,19.1793,9403.8,5535.9,15775.8,5377.3,,,,5306.3,27079.7935548305,1988.9667760102723
